execution_mode,swap_policy,timing_admissible,performance_evidence_disposition,dataset,task_id,repeat,fold,registered_fold,child,child_fold,B10_best_iteration,A10_best_iteration,B10_iterations_requested,A10_iterations_requested,B10_iterations_attempted,A10_iterations_attempted,B10_rounds_completed,A10_rounds_completed,B10_rounds_retained,A10_rounds_retained,B10_resolved_learning_rate,A10_resolved_learning_rate,B10_stop_reason,A10_stop_reason,B10_selected_tree_mode,A10_selected_tree_mode,B10_selected_lane,A10_selected_lane,B10_deadline_hit,A10_deadline_hit,A10_candidate_count,A10_fitted_candidate_count,A10_selected_candidate_index,B10_wall_clock_elapsed_seconds,A10_wall_clock_elapsed_seconds
concurrent,quality_only_swap_in,False,inadmissible_by_quality_only_swap_in_policy,airfoil_self_noise,363612,0,0,0,S1F1,0,614,1092,10000,10000,664,1142,664,1142,614,1092,0.1,0.1,early_stopping,early_stopping,catboost,lightgbm,boosting,boosting,False,False,3,3,1,3.697513708146289,27.97349225007929
concurrent,quality_only_swap_in,False,inadmissible_by_quality_only_swap_in_policy,airfoil_self_noise,363612,0,0,0,S1F2,1,779,779,10000,10000,829,829,829,829,779,779,0.1,0.1,early_stopping,early_stopping,catboost,catboost,boosting,boosting,False,False,3,3,0,4.7049550409428775,6.605735375080258
concurrent,quality_only_swap_in,False,inadmissible_by_quality_only_swap_in_policy,airfoil_self_noise,363612,0,0,0,S1F3,2,362,362,10000,10000,412,412,412,412,362,362,0.1,0.1,early_stopping,early_stopping,catboost,catboost,boosting,boosting,False,False,3,3,0,2.2463718340732157,6.398265500087291
concurrent,quality_only_swap_in,False,inadmissible_by_quality_only_swap_in_policy,airfoil_self_noise,363612,0,0,0,S1F4,3,810,810,10000,10000,860,860,860,860,810,810,0.1,0.1,early_stopping,early_stopping,catboost,catboost,boosting,boosting,False,False,3,3,0,4.479629749897867,9.79274679091759
concurrent,quality_only_swap_in,False,inadmissible_by_quality_only_swap_in_policy,airfoil_self_noise,363612,0,0,0,S1F5,4,219,1050,10000,10000,269,1100,269,1100,219,1050,0.1,0.1,early_stopping,early_stopping,catboost,hybrid,boosting,boosting,False,False,3,3,2,1.4583159999456257,11.898611417040229
concurrent,quality_only_swap_in,False,inadmissible_by_quality_only_swap_in_policy,airfoil_self_noise,363612,0,0,0,S1F6,5,260,569,10000,10000,310,619,310,619,260,569,0.1,0.1,early_stopping,early_stopping,catboost,lightgbm,boosting,boosting,False,False,3,3,1,1.6080187088809907,8.085809292038903
concurrent,quality_only_swap_in,False,inadmissible_by_quality_only_swap_in_policy,airfoil_self_noise,363612,0,0,0,S1F7,6,575,1238,10000,10000,625,1288,625,1288,575,1238,0.1,0.1,early_stopping,early_stopping,catboost,hybrid,boosting,boosting,False,False,3,3,2,3.3379128330852836,14.317968541989103
concurrent,quality_only_swap_in,False,inadmissible_by_quality_only_swap_in_policy,airfoil_self_noise,363612,0,0,0,S1F8,7,455,649,10000,10000,505,699,505,699,455,649,0.1,0.1,early_stopping,early_stopping,catboost,hybrid,boosting,boosting,False,False,3,3,2,2.5843865419737995,9.657022458035499
concurrent,quality_only_swap_in,False,inadmissible_by_quality_only_swap_in_policy,airfoil_self_noise,363612,1,1,4,S1F1,0,480,480,10000,10000,530,530,530,530,480,480,0.1,0.1,early_stopping,early_stopping,catboost,catboost,boosting,boosting,False,False,3,3,0,3.0913559589535,11.754707833053544
concurrent,quality_only_swap_in,False,inadmissible_by_quality_only_swap_in_policy,airfoil_self_noise,363612,1,1,4,S1F2,1,698,239,10000,10000,748,289,748,289,698,239,0.1,0.1,early_stopping,early_stopping,catboost,hybrid,boosting,boosting,False,False,3,3,2,3.9796428750269115,10.580766750033945
concurrent,quality_only_swap_in,False,inadmissible_by_quality_only_swap_in_policy,airfoil_self_noise,363612,1,1,4,S1F3,2,303,213,10000,10000,353,263,353,263,303,213,0.1,0.1,early_stopping,early_stopping,catboost,lightgbm,boosting,boosting,False,False,3,3,1,1.9442653339356184,5.599856292130426
concurrent,quality_only_swap_in,False,inadmissible_by_quality_only_swap_in_policy,airfoil_self_noise,363612,1,1,4,S1F4,3,243,243,10000,10000,293,293,293,293,243,243,0.1,0.1,early_stopping,early_stopping,catboost,catboost,boosting,boosting,False,False,3,3,0,1.4917411669157445,4.1255497499369085
concurrent,quality_only_swap_in,False,inadmissible_by_quality_only_swap_in_policy,airfoil_self_noise,363612,1,1,4,S1F5,4,1312,1312,10000,10000,1362,1362,1362,1362,1312,1312,0.1,0.1,early_stopping,early_stopping,catboost,catboost,boosting,boosting,False,False,3,3,0,7.08610595902428,11.548104041954502
concurrent,quality_only_swap_in,False,inadmissible_by_quality_only_swap_in_policy,airfoil_self_noise,363612,1,1,4,S1F6,5,511,511,10000,10000,561,561,561,561,511,511,0.1,0.1,early_stopping,early_stopping,catboost,catboost,boosting,boosting,False,False,3,3,0,3.016534833004698,5.15580233396031
concurrent,quality_only_swap_in,False,inadmissible_by_quality_only_swap_in_policy,airfoil_self_noise,363612,1,1,4,S1F7,6,378,378,10000,10000,428,428,428,428,378,378,0.1,0.1,early_stopping,early_stopping,catboost,catboost,boosting,boosting,False,False,3,3,0,2.2235298338346183,9.671761165838689
concurrent,quality_only_swap_in,False,inadmissible_by_quality_only_swap_in_policy,airfoil_self_noise,363612,1,1,4,S1F8,7,668,668,10000,10000,718,718,718,718,668,668,0.1,0.1,early_stopping,early_stopping,catboost,catboost,boosting,boosting,False,False,3,3,0,3.7364749170374125,7.021696584066376
concurrent,quality_only_swap_in,False,inadmissible_by_quality_only_swap_in_policy,airfoil_self_noise,363612,2,2,8,S1F1,0,1254,1254,10000,10000,1304,1304,1304,1304,1254,1254,0.1,0.1,early_stopping,early_stopping,catboost,catboost,boosting,boosting,False,False,3,3,0,7.207237333059311,12.554481833940372
concurrent,quality_only_swap_in,False,inadmissible_by_quality_only_swap_in_policy,airfoil_self_noise,363612,2,2,8,S1F2,1,360,1027,10000,10000,410,1077,410,1077,360,1027,0.1,0.1,early_stopping,early_stopping,catboost,hybrid,boosting,boosting,False,False,3,3,2,2.130028875079006,18.40360316587612
concurrent,quality_only_swap_in,False,inadmissible_by_quality_only_swap_in_policy,airfoil_self_noise,363612,2,2,8,S1F3,2,402,166,10000,10000,452,216,452,216,402,166,0.1,0.1,early_stopping,early_stopping,catboost,hybrid,boosting,boosting,False,False,3,3,2,2.3021317911334336,5.164037040900439
concurrent,quality_only_swap_in,False,inadmissible_by_quality_only_swap_in_policy,airfoil_self_noise,363612,2,2,8,S1F4,3,656,656,10000,10000,706,706,706,706,656,656,0.1,0.1,early_stopping,early_stopping,catboost,catboost,boosting,boosting,False,False,3,3,0,4.031141459010541,14.148082708008587
concurrent,quality_only_swap_in,False,inadmissible_by_quality_only_swap_in_policy,airfoil_self_noise,363612,2,2,8,S1F5,4,130,366,10000,10000,180,416,180,416,130,366,0.1,0.1,early_stopping,early_stopping,catboost,hybrid,boosting,boosting,False,False,3,3,2,0.9268763340078294,5.608373374911025
concurrent,quality_only_swap_in,False,inadmissible_by_quality_only_swap_in_policy,airfoil_self_noise,363612,2,2,8,S1F6,5,371,371,10000,10000,421,421,421,421,371,371,0.1,0.1,early_stopping,early_stopping,catboost,catboost,boosting,boosting,False,False,3,3,0,2.134942000033334,6.681266957893968
concurrent,quality_only_swap_in,False,inadmissible_by_quality_only_swap_in_policy,airfoil_self_noise,363612,2,2,8,S1F7,6,593,593,10000,10000,643,643,643,643,593,593,0.1,0.1,early_stopping,early_stopping,catboost,catboost,boosting,boosting,False,False,3,3,0,3.324982834048569,7.2603751248680055
concurrent,quality_only_swap_in,False,inadmissible_by_quality_only_swap_in_policy,airfoil_self_noise,363612,2,2,8,S1F8,7,292,222,10000,10000,342,272,342,272,292,222,0.1,0.1,early_stopping,early_stopping,catboost,hybrid,boosting,boosting,False,False,3,3,2,1.9231936249416322,5.222885540919378
concurrent,quality_only_swap_in,False,inadmissible_by_quality_only_swap_in_policy,Another-Dataset-on-used-Fiat-500,363615,0,0,0,S1F1,0,47,47,10000,10000,97,97,97,97,47,47,0.1,0.1,early_stopping,early_stopping,catboost,catboost,boosting,boosting,False,False,3,3,0,0.647336000110954,3.2359278749208897
concurrent,quality_only_swap_in,False,inadmissible_by_quality_only_swap_in_policy,Another-Dataset-on-used-Fiat-500,363615,0,0,0,S1F2,1,136,87,10000,10000,186,137,186,137,136,87,0.1,0.1,early_stopping,early_stopping,catboost,lightgbm,boosting,boosting,False,False,3,3,1,1.0999401251319796,3.792611167067662
concurrent,quality_only_swap_in,False,inadmissible_by_quality_only_swap_in_policy,Another-Dataset-on-used-Fiat-500,363615,0,0,0,S1F3,2,42,36,10000,10000,92,86,92,86,42,36,0.1,0.1,early_stopping,early_stopping,catboost,hybrid,boosting,boosting,False,False,3,3,2,0.5150482919998467,1.3826434591319412
concurrent,quality_only_swap_in,False,inadmissible_by_quality_only_swap_in_policy,Another-Dataset-on-used-Fiat-500,363615,0,0,0,S1F4,3,157,157,10000,10000,207,207,207,207,157,157,0.1,0.1,early_stopping,early_stopping,catboost,catboost,boosting,boosting,False,False,3,3,0,1.1574979161377996,2.0891220830380917
concurrent,quality_only_swap_in,False,inadmissible_by_quality_only_swap_in_policy,Another-Dataset-on-used-Fiat-500,363615,0,0,0,S1F5,4,42,101,10000,10000,92,151,92,151,42,101,0.1,0.1,early_stopping,early_stopping,catboost,hybrid,boosting,boosting,False,False,3,3,2,0.5421859160996974,1.8391370840836316
concurrent,quality_only_swap_in,False,inadmissible_by_quality_only_swap_in_policy,Another-Dataset-on-used-Fiat-500,363615,0,0,0,S1F6,5,64,56,10000,10000,114,106,114,106,64,56,0.1,0.1,early_stopping,early_stopping,catboost,lightgbm,boosting,boosting,False,False,3,3,1,0.6206272910349071,1.5748695419169962
concurrent,quality_only_swap_in,False,inadmissible_by_quality_only_swap_in_policy,Another-Dataset-on-used-Fiat-500,363615,0,0,0,S1F7,6,246,246,10000,10000,296,296,296,296,246,246,0.1,0.1,early_stopping,early_stopping,catboost,catboost,boosting,boosting,False,False,3,3,0,1.584963417146355,2.126619791146368
concurrent,quality_only_swap_in,False,inadmissible_by_quality_only_swap_in_policy,Another-Dataset-on-used-Fiat-500,363615,0,0,0,S1F8,7,177,177,10000,10000,227,227,227,227,177,177,0.1,0.1,early_stopping,early_stopping,catboost,catboost,boosting,boosting,False,False,3,3,0,1.2500150830019265,2.312076749978587
concurrent,quality_only_swap_in,False,inadmissible_by_quality_only_swap_in_policy,Another-Dataset-on-used-Fiat-500,363615,1,1,4,S1F1,0,104,104,10000,10000,154,154,154,154,104,104,0.1,0.1,early_stopping,early_stopping,catboost,catboost,boosting,boosting,False,False,3,3,0,1.0019969171844423,4.0666540840175
concurrent,quality_only_swap_in,False,inadmissible_by_quality_only_swap_in_policy,Another-Dataset-on-used-Fiat-500,363615,1,1,4,S1F2,1,94,94,10000,10000,144,144,144,144,94,94,0.1,0.1,early_stopping,early_stopping,catboost,catboost,boosting,boosting,False,False,3,3,0,0.8895667500328273,2.8974269169848412
concurrent,quality_only_swap_in,False,inadmissible_by_quality_only_swap_in_policy,Another-Dataset-on-used-Fiat-500,363615,1,1,4,S1F3,2,81,41,10000,10000,131,91,131,91,81,41,0.1,0.1,early_stopping,early_stopping,catboost,lightgbm,boosting,boosting,False,False,3,3,1,0.8068731250241399,1.9608227091375738
concurrent,quality_only_swap_in,False,inadmissible_by_quality_only_swap_in_policy,Another-Dataset-on-used-Fiat-500,363615,1,1,4,S1F4,3,38,34,10000,10000,88,84,88,84,38,34,0.1,0.1,early_stopping,early_stopping,catboost,hybrid,boosting,boosting,False,False,3,3,2,0.5420213339384645,1.238160042092204
concurrent,quality_only_swap_in,False,inadmissible_by_quality_only_swap_in_policy,Another-Dataset-on-used-Fiat-500,363615,1,1,4,S1F5,4,161,161,10000,10000,211,211,211,211,161,161,0.1,0.1,early_stopping,early_stopping,catboost,catboost,boosting,boosting,False,False,3,3,0,1.2502654590643942,1.8846040000207722
concurrent,quality_only_swap_in,False,inadmissible_by_quality_only_swap_in_policy,Another-Dataset-on-used-Fiat-500,363615,1,1,4,S1F6,5,125,125,10000,10000,175,175,175,175,125,125,0.1,0.1,early_stopping,early_stopping,catboost,catboost,boosting,boosting,False,False,3,3,0,0.9491136248689145,2.299813915975392
concurrent,quality_only_swap_in,False,inadmissible_by_quality_only_swap_in_policy,Another-Dataset-on-used-Fiat-500,363615,1,1,4,S1F7,6,42,58,10000,10000,92,108,92,108,42,58,0.1,0.1,early_stopping,early_stopping,catboost,lightgbm,boosting,boosting,False,False,3,3,1,0.5186252500861883,1.4749471668619663
concurrent,quality_only_swap_in,False,inadmissible_by_quality_only_swap_in_policy,Another-Dataset-on-used-Fiat-500,363615,1,1,4,S1F8,7,67,44,10000,10000,117,94,117,94,67,44,0.1,0.1,early_stopping,early_stopping,catboost,lightgbm,boosting,boosting,False,False,3,3,1,0.647351291961968,1.4968791659921408
concurrent,quality_only_swap_in,False,inadmissible_by_quality_only_swap_in_policy,Another-Dataset-on-used-Fiat-500,363615,2,2,8,S1F1,0,163,163,10000,10000,213,213,213,213,163,163,0.1,0.1,early_stopping,early_stopping,catboost,catboost,boosting,boosting,False,False,3,3,0,1.379762375028804,3.5486468749586493
concurrent,quality_only_swap_in,False,inadmissible_by_quality_only_swap_in_policy,Another-Dataset-on-used-Fiat-500,363615,2,2,8,S1F2,1,33,33,10000,10000,83,83,83,83,33,33,0.1,0.1,early_stopping,early_stopping,catboost,catboost,boosting,boosting,False,False,3,3,0,0.5116396248340607,2.545014041941613
concurrent,quality_only_swap_in,False,inadmissible_by_quality_only_swap_in_policy,Another-Dataset-on-used-Fiat-500,363615,2,2,8,S1F3,2,225,65,10000,10000,275,115,275,115,225,65,0.1,0.1,early_stopping,early_stopping,catboost,hybrid,boosting,boosting,False,False,3,3,2,1.7005270419176668,2.8211533341091126
concurrent,quality_only_swap_in,False,inadmissible_by_quality_only_swap_in_policy,Another-Dataset-on-used-Fiat-500,363615,2,2,8,S1F4,3,99,48,10000,10000,149,98,149,98,99,48,0.1,0.1,early_stopping,early_stopping,catboost,hybrid,boosting,boosting,False,False,3,3,2,0.9691573330201209,1.575664000120014
concurrent,quality_only_swap_in,False,inadmissible_by_quality_only_swap_in_policy,Another-Dataset-on-used-Fiat-500,363615,2,2,8,S1F5,4,107,84,10000,10000,157,134,157,134,107,84,0.1,0.1,early_stopping,early_stopping,catboost,hybrid,boosting,boosting,False,False,3,3,2,0.9982548749540001,2.2578238339629024
concurrent,quality_only_swap_in,False,inadmissible_by_quality_only_swap_in_policy,Another-Dataset-on-used-Fiat-500,363615,2,2,8,S1F6,5,53,33,10000,10000,103,83,103,83,53,33,0.1,0.1,early_stopping,early_stopping,catboost,hybrid,boosting,boosting,False,False,3,3,2,0.6538239580113441,1.2584076670464128
concurrent,quality_only_swap_in,False,inadmissible_by_quality_only_swap_in_policy,Another-Dataset-on-used-Fiat-500,363615,2,2,8,S1F7,6,32,31,10000,10000,82,81,82,81,32,31,0.1,0.1,early_stopping,early_stopping,catboost,lightgbm,boosting,boosting,False,False,3,3,1,0.5258854159619659,1.1674381659831852
concurrent,quality_only_swap_in,False,inadmissible_by_quality_only_swap_in_policy,Another-Dataset-on-used-Fiat-500,363615,2,2,8,S1F8,7,105,105,10000,10000,155,155,155,155,105,105,0.1,0.1,early_stopping,early_stopping,catboost,catboost,boosting,boosting,False,False,3,3,0,0.8899217080324888,1.5779359159059823
concurrent,quality_only_swap_in,False,inadmissible_by_quality_only_swap_in_policy,concrete_compressive_strength,363625,0,0,0,S1F1,0,222,769,10000,10000,272,819,272,819,222,769,0.1,0.1,early_stopping,early_stopping,catboost,lightgbm,boosting,boosting,False,False,3,3,1,1.6452876669354737,15.832439583959058
concurrent,quality_only_swap_in,False,inadmissible_by_quality_only_swap_in_policy,concrete_compressive_strength,363625,0,0,0,S1F2,1,256,137,10000,10000,306,187,306,187,256,137,0.1,0.1,early_stopping,early_stopping,catboost,lightgbm,boosting,boosting,False,False,3,3,1,1.825146459043026,4.721918791998178
concurrent,quality_only_swap_in,False,inadmissible_by_quality_only_swap_in_policy,concrete_compressive_strength,363625,0,0,0,S1F3,2,412,412,10000,10000,462,462,462,462,412,412,0.1,0.1,early_stopping,early_stopping,catboost,catboost,boosting,boosting,False,False,3,3,0,2.596381959039718,10.091776583110914
concurrent,quality_only_swap_in,False,inadmissible_by_quality_only_swap_in_policy,concrete_compressive_strength,363625,0,0,0,S1F4,3,518,518,10000,10000,568,568,568,568,518,518,0.1,0.1,early_stopping,early_stopping,catboost,catboost,boosting,boosting,False,False,3,3,0,3.150808042148128,5.352690374944359
concurrent,quality_only_swap_in,False,inadmissible_by_quality_only_swap_in_policy,concrete_compressive_strength,363625,0,0,0,S1F5,4,204,204,10000,10000,254,254,254,254,204,204,0.1,0.1,early_stopping,early_stopping,catboost,catboost,boosting,boosting,False,False,3,3,0,1.2811097090598196,4.956997458124533
concurrent,quality_only_swap_in,False,inadmissible_by_quality_only_swap_in_policy,concrete_compressive_strength,363625,0,0,0,S1F6,5,423,423,10000,10000,473,473,473,473,423,423,0.1,0.1,early_stopping,early_stopping,catboost,catboost,boosting,boosting,False,False,3,3,0,2.3327513749245554,10.271062666084617
concurrent,quality_only_swap_in,False,inadmissible_by_quality_only_swap_in_policy,concrete_compressive_strength,363625,0,0,0,S1F7,6,288,288,10000,10000,338,338,338,338,288,288,0.1,0.1,early_stopping,early_stopping,catboost,catboost,boosting,boosting,False,False,3,3,0,1.718096291879192,4.643565583974123
concurrent,quality_only_swap_in,False,inadmissible_by_quality_only_swap_in_policy,concrete_compressive_strength,363625,0,0,0,S1F8,7,296,352,10000,10000,346,402,346,402,296,352,0.1,0.1,early_stopping,early_stopping,catboost,hybrid,boosting,boosting,False,False,3,3,2,1.699308707844466,5.122270958032459
concurrent,quality_only_swap_in,False,inadmissible_by_quality_only_swap_in_policy,concrete_compressive_strength,363625,1,1,4,S1F1,0,477,477,10000,10000,527,527,527,527,477,477,0.1,0.1,early_stopping,early_stopping,catboost,catboost,boosting,boosting,False,False,3,3,0,3.2636635000817478,8.354681707918644
concurrent,quality_only_swap_in,False,inadmissible_by_quality_only_swap_in_policy,concrete_compressive_strength,363625,1,1,4,S1F2,1,185,185,10000,10000,235,235,235,235,185,185,0.1,0.1,early_stopping,early_stopping,catboost,catboost,boosting,boosting,False,False,3,3,0,1.2880984160583466,5.621002541854978
concurrent,quality_only_swap_in,False,inadmissible_by_quality_only_swap_in_policy,concrete_compressive_strength,363625,1,1,4,S1F3,2,795,256,10000,10000,845,306,845,306,795,256,0.1,0.1,early_stopping,early_stopping,catboost,lightgbm,boosting,boosting,False,False,3,3,1,5.03443704219535,12.22860929206945
concurrent,quality_only_swap_in,False,inadmissible_by_quality_only_swap_in_policy,concrete_compressive_strength,363625,1,1,4,S1F4,3,245,245,10000,10000,295,295,295,295,245,245,0.1,0.1,early_stopping,early_stopping,catboost,catboost,boosting,boosting,False,False,3,3,0,1.5754725830629468,11.630875000031665
concurrent,quality_only_swap_in,False,inadmissible_by_quality_only_swap_in_policy,concrete_compressive_strength,363625,1,1,4,S1F5,4,768,768,10000,10000,818,818,818,818,768,768,0.1,0.1,early_stopping,early_stopping,catboost,catboost,boosting,boosting,False,False,3,3,0,4.3066042920108885,4.572829459095374
concurrent,quality_only_swap_in,False,inadmissible_by_quality_only_swap_in_policy,concrete_compressive_strength,363625,1,1,4,S1F6,5,498,498,10000,10000,548,548,548,548,498,498,0.1,0.1,early_stopping,early_stopping,catboost,catboost,boosting,boosting,False,False,3,3,0,3.10930687491782,5.050592249957845
concurrent,quality_only_swap_in,False,inadmissible_by_quality_only_swap_in_policy,concrete_compressive_strength,363625,1,1,4,S1F7,6,401,401,10000,10000,451,451,451,451,401,401,0.1,0.1,early_stopping,early_stopping,catboost,catboost,boosting,boosting,False,False,3,3,0,2.7464828330557793,4.181780291954055
concurrent,quality_only_swap_in,False,inadmissible_by_quality_only_swap_in_policy,concrete_compressive_strength,363625,1,1,4,S1F8,7,371,276,10000,10000,421,326,421,326,371,276,0.1,0.1,early_stopping,early_stopping,catboost,lightgbm,boosting,boosting,False,False,3,3,1,2.6047657080926,4.821940792025998
concurrent,quality_only_swap_in,False,inadmissible_by_quality_only_swap_in_policy,concrete_compressive_strength,363625,2,2,8,S1F1,0,765,765,10000,10000,815,815,815,815,765,765,0.1,0.1,early_stopping,early_stopping,catboost,catboost,boosting,boosting,False,False,3,3,0,4.569116915808991,11.416915792040527
concurrent,quality_only_swap_in,False,inadmissible_by_quality_only_swap_in_policy,concrete_compressive_strength,363625,2,2,8,S1F2,1,745,745,10000,10000,795,795,795,795,745,745,0.1,0.1,early_stopping,early_stopping,catboost,catboost,boosting,boosting,False,False,3,3,0,4.087287291884422,7.43004941707477
concurrent,quality_only_swap_in,False,inadmissible_by_quality_only_swap_in_policy,concrete_compressive_strength,363625,2,2,8,S1F3,2,730,730,10000,10000,780,780,780,780,730,730,0.1,0.1,early_stopping,early_stopping,catboost,catboost,boosting,boosting,False,False,3,3,0,4.234189834212884,7.831498208921403
concurrent,quality_only_swap_in,False,inadmissible_by_quality_only_swap_in_policy,concrete_compressive_strength,363625,2,2,8,S1F4,3,1124,1124,10000,10000,1174,1174,1174,1174,1124,1124,0.1,0.1,early_stopping,early_stopping,catboost,catboost,boosting,boosting,False,False,3,3,0,6.964712499873713,7.436940124956891
concurrent,quality_only_swap_in,False,inadmissible_by_quality_only_swap_in_policy,concrete_compressive_strength,363625,2,2,8,S1F5,4,932,932,10000,10000,982,982,982,982,932,932,0.1,0.1,early_stopping,early_stopping,catboost,catboost,boosting,boosting,False,False,3,3,0,5.788431582972407,7.956361874938011
concurrent,quality_only_swap_in,False,inadmissible_by_quality_only_swap_in_policy,concrete_compressive_strength,363625,2,2,8,S1F6,5,995,206,10000,10000,1045,256,1045,256,995,206,0.1,0.1,early_stopping,early_stopping,catboost,lightgbm,boosting,boosting,False,False,3,3,1,6.0972612500190735,6.29120520898141
concurrent,quality_only_swap_in,False,inadmissible_by_quality_only_swap_in_policy,concrete_compressive_strength,363625,2,2,8,S1F7,6,430,209,10000,10000,480,259,480,259,430,209,0.1,0.1,early_stopping,early_stopping,catboost,hybrid,boosting,boosting,False,False,3,3,2,2.589823250193149,3.524141167057678
concurrent,quality_only_swap_in,False,inadmissible_by_quality_only_swap_in_policy,concrete_compressive_strength,363625,2,2,8,S1F8,7,707,707,10000,10000,757,757,757,757,707,707,0.1,0.1,early_stopping,early_stopping,catboost,catboost,boosting,boosting,False,False,3,3,0,3.6614224589429796,10.095783083001152
concurrent,quality_only_swap_in,False,inadmissible_by_quality_only_swap_in_policy,diamonds,363631,0,0,0,S1F1,0,326,217,10000,10000,376,267,376,267,326,217,0.1,0.1,early_stopping,early_stopping,catboost,lightgbm,boosting,boosting,False,False,3,3,1,2.2632310001645237,7.64172983285971
concurrent,quality_only_swap_in,False,inadmissible_by_quality_only_swap_in_policy,diamonds,363631,0,0,0,S1F2,1,407,179,10000,10000,457,229,457,229,407,179,0.1,0.1,early_stopping,early_stopping,catboost,hybrid,boosting,boosting,False,False,3,3,2,2.565630415920168,8.618884166935459
concurrent,quality_only_swap_in,False,inadmissible_by_quality_only_swap_in_policy,diamonds,363631,0,0,0,S1F3,2,168,177,10000,10000,218,227,218,227,168,177,0.1,0.1,early_stopping,early_stopping,catboost,lightgbm,boosting,boosting,False,False,3,3,1,1.1313802080694586,4.877837250009179
concurrent,quality_only_swap_in,False,inadmissible_by_quality_only_swap_in_policy,diamonds,363631,0,0,0,S1F4,3,171,272,10000,10000,221,322,221,322,171,272,0.1,0.1,early_stopping,early_stopping,catboost,hybrid,boosting,boosting,False,False,3,3,2,1.0636338330805302,4.489663833053783
concurrent,quality_only_swap_in,False,inadmissible_by_quality_only_swap_in_policy,diamonds,363631,0,0,0,S1F5,4,445,223,10000,10000,495,273,495,273,445,223,0.1,0.1,early_stopping,early_stopping,catboost,lightgbm,boosting,boosting,False,False,3,3,1,2.485878540901467,4.96444800007157
concurrent,quality_only_swap_in,False,inadmissible_by_quality_only_swap_in_policy,diamonds,363631,0,0,0,S1F6,5,164,206,10000,10000,214,256,214,256,164,206,0.1,0.1,early_stopping,early_stopping,catboost,hybrid,boosting,boosting,False,False,3,3,2,1.2610058749560267,4.815925166010857
concurrent,quality_only_swap_in,False,inadmissible_by_quality_only_swap_in_policy,diamonds,363631,0,0,0,S1F7,6,785,139,10000,10000,835,189,835,189,785,139,0.1,0.1,early_stopping,early_stopping,catboost,hybrid,boosting,boosting,False,False,3,3,2,4.811700250022113,5.660222750157118
concurrent,quality_only_swap_in,False,inadmissible_by_quality_only_swap_in_policy,diamonds,363631,0,0,0,S1F8,7,204,230,10000,10000,254,280,254,280,204,230,0.1,0.1,early_stopping,early_stopping,catboost,lightgbm,boosting,boosting,False,False,3,3,1,1.3729734160006046,4.600802875123918
concurrent,quality_only_swap_in,False,inadmissible_by_quality_only_swap_in_policy,diamonds,363631,1,1,4,S1F1,0,217,126,10000,10000,267,176,267,176,217,126,0.1,0.1,early_stopping,early_stopping,catboost,hybrid,boosting,boosting,False,False,3,3,2,1.5319692918565124,6.779470458161086
concurrent,quality_only_swap_in,False,inadmissible_by_quality_only_swap_in_policy,diamonds,363631,1,1,4,S1F2,1,635,108,10000,10000,685,158,685,158,635,108,0.1,0.1,early_stopping,early_stopping,catboost,hybrid,boosting,boosting,False,False,3,3,2,3.4675105831120163,8.34309483319521
concurrent,quality_only_swap_in,False,inadmissible_by_quality_only_swap_in_policy,diamonds,363631,1,1,4,S1F3,2,360,178,10000,10000,410,228,410,228,360,178,0.1,0.1,early_stopping,early_stopping,catboost,hybrid,boosting,boosting,False,False,3,3,2,1.969273499911651,9.385405791923404
concurrent,quality_only_swap_in,False,inadmissible_by_quality_only_swap_in_policy,diamonds,363631,1,1,4,S1F4,3,564,182,10000,10000,614,232,614,232,564,182,0.1,0.1,early_stopping,early_stopping,catboost,hybrid,boosting,boosting,False,False,3,3,2,3.112495749955997,6.113604750018567
concurrent,quality_only_swap_in,False,inadmissible_by_quality_only_swap_in_policy,diamonds,363631,1,1,4,S1F5,4,224,189,10000,10000,274,239,274,239,224,189,0.1,0.1,early_stopping,early_stopping,catboost,lightgbm,boosting,boosting,False,False,3,3,1,1.562496457947418,5.524561208905652
concurrent,quality_only_swap_in,False,inadmissible_by_quality_only_swap_in_policy,diamonds,363631,1,1,4,S1F6,5,712,180,10000,10000,762,230,762,230,712,180,0.1,0.1,early_stopping,early_stopping,catboost,lightgbm,boosting,boosting,False,False,3,3,1,4.058672999963164,5.621077666990459
concurrent,quality_only_swap_in,False,inadmissible_by_quality_only_swap_in_policy,diamonds,363631,1,1,4,S1F7,6,419,126,10000,10000,469,176,469,176,419,126,0.1,0.1,early_stopping,early_stopping,catboost,hybrid,boosting,boosting,False,False,3,3,2,2.5207515831571072,4.230416124919429
concurrent,quality_only_swap_in,False,inadmissible_by_quality_only_swap_in_policy,diamonds,363631,1,1,4,S1F8,7,197,274,10000,10000,247,324,247,324,197,274,0.1,0.1,early_stopping,early_stopping,catboost,lightgbm,boosting,boosting,False,False,3,3,1,1.2243537919130176,4.470013666898012
concurrent,quality_only_swap_in,False,inadmissible_by_quality_only_swap_in_policy,diamonds,363631,2,2,8,S1F1,0,272,304,10000,10000,322,354,322,354,272,304,0.1,0.1,early_stopping,early_stopping,catboost,hybrid,boosting,boosting,False,False,3,3,2,2.0233702082186937,9.615628167055547
concurrent,quality_only_swap_in,False,inadmissible_by_quality_only_swap_in_policy,diamonds,363631,2,2,8,S1F2,1,428,437,10000,10000,478,487,478,487,428,437,0.1,0.1,early_stopping,early_stopping,catboost,hybrid,boosting,boosting,False,False,3,3,2,2.8101484579965472,10.370632458012551
concurrent,quality_only_swap_in,False,inadmissible_by_quality_only_swap_in_policy,diamonds,363631,2,2,8,S1F3,2,753,260,10000,10000,803,310,803,310,753,260,0.1,0.1,early_stopping,early_stopping,catboost,lightgbm,boosting,boosting,False,False,3,3,1,4.98055600002408,7.26522137504071
concurrent,quality_only_swap_in,False,inadmissible_by_quality_only_swap_in_policy,diamonds,363631,2,2,8,S1F4,3,494,184,10000,10000,544,234,544,234,494,184,0.1,0.1,early_stopping,early_stopping,catboost,hybrid,boosting,boosting,False,False,3,3,2,3.0959602498915046,5.5091474168002605
concurrent,quality_only_swap_in,False,inadmissible_by_quality_only_swap_in_policy,diamonds,363631,2,2,8,S1F5,4,403,200,10000,10000,453,250,453,250,403,200,0.1,0.1,early_stopping,early_stopping,catboost,lightgbm,boosting,boosting,False,False,3,3,1,2.4151602920610458,5.712475625099614
concurrent,quality_only_swap_in,False,inadmissible_by_quality_only_swap_in_policy,diamonds,363631,2,2,8,S1F6,5,467,246,10000,10000,517,296,517,296,467,246,0.1,0.1,early_stopping,early_stopping,catboost,hybrid,boosting,boosting,False,False,3,3,2,3.081419167108834,7.051666625076905
concurrent,quality_only_swap_in,False,inadmissible_by_quality_only_swap_in_policy,diamonds,363631,2,2,8,S1F7,6,731,176,10000,10000,781,226,781,226,731,176,0.1,0.1,early_stopping,early_stopping,catboost,hybrid,boosting,boosting,False,False,3,3,2,4.309066500049084,5.802354749990627
concurrent,quality_only_swap_in,False,inadmissible_by_quality_only_swap_in_policy,diamonds,363631,2,2,8,S1F8,7,507,141,10000,10000,557,191,557,191,507,141,0.1,0.1,early_stopping,early_stopping,catboost,hybrid,boosting,boosting,False,False,3,3,2,3.0770626668818295,4.662275249836966
concurrent,quality_only_swap_in,False,inadmissible_by_quality_only_swap_in_policy,Food_Delivery_Time,363672,0,0,0,S1F1,0,352,352,10000,10000,402,402,402,402,352,352,0.1,0.1,early_stopping,early_stopping,catboost,catboost,boosting,boosting,False,False,3,3,0,2.14885654207319,7.117914083879441
concurrent,quality_only_swap_in,False,inadmissible_by_quality_only_swap_in_policy,Food_Delivery_Time,363672,0,0,0,S1F2,1,309,309,10000,10000,359,359,359,359,309,309,0.1,0.1,early_stopping,early_stopping,catboost,catboost,boosting,boosting,False,False,3,3,0,1.8220716249197721,6.8624012500513345
concurrent,quality_only_swap_in,False,inadmissible_by_quality_only_swap_in_policy,Food_Delivery_Time,363672,0,0,0,S1F3,2,275,194,10000,10000,325,244,325,244,275,194,0.1,0.1,early_stopping,early_stopping,catboost,hybrid,boosting,boosting,False,False,3,3,2,1.7179828751832247,7.165134999901056
concurrent,quality_only_swap_in,False,inadmissible_by_quality_only_swap_in_policy,Food_Delivery_Time,363672,0,0,0,S1F4,3,295,216,10000,10000,345,266,345,266,295,216,0.1,0.1,early_stopping,early_stopping,catboost,lightgbm,boosting,boosting,False,False,3,3,1,1.7182933331932873,4.758933832868934
concurrent,quality_only_swap_in,False,inadmissible_by_quality_only_swap_in_policy,Food_Delivery_Time,363672,0,0,0,S1F5,4,386,386,10000,10000,436,436,436,436,386,386,0.1,0.1,early_stopping,early_stopping,catboost,catboost,boosting,boosting,False,False,3,3,0,2.131781416013837,4.279560333117843
concurrent,quality_only_swap_in,False,inadmissible_by_quality_only_swap_in_policy,Food_Delivery_Time,363672,0,0,0,S1F6,5,269,185,10000,10000,319,235,319,235,269,185,0.1,0.1,early_stopping,early_stopping,catboost,lightgbm,boosting,boosting,False,False,3,3,1,1.5659708750899881,4.577284000115469
concurrent,quality_only_swap_in,False,inadmissible_by_quality_only_swap_in_policy,Food_Delivery_Time,363672,0,0,0,S1F7,6,648,648,10000,10000,698,698,698,698,648,648,0.1,0.1,early_stopping,early_stopping,catboost,catboost,boosting,boosting,False,False,3,3,0,3.8940857918933034,5.10170887503773
concurrent,quality_only_swap_in,False,inadmissible_by_quality_only_swap_in_policy,Food_Delivery_Time,363672,0,0,0,S1F8,7,429,429,10000,10000,479,479,479,479,429,429,0.1,0.1,early_stopping,early_stopping,catboost,catboost,boosting,boosting,False,False,3,3,0,2.520913790911436,5.079909499967471
concurrent,quality_only_swap_in,False,inadmissible_by_quality_only_swap_in_policy,Food_Delivery_Time,363672,1,1,4,S1F1,0,392,392,10000,10000,442,442,442,442,392,392,0.1,0.1,early_stopping,early_stopping,catboost,catboost,boosting,boosting,False,False,3,3,0,2.591192667139694,7.170977624831721
concurrent,quality_only_swap_in,False,inadmissible_by_quality_only_swap_in_policy,Food_Delivery_Time,363672,1,1,4,S1F2,1,476,476,10000,10000,526,526,526,526,476,476,0.1,0.1,early_stopping,early_stopping,catboost,catboost,boosting,boosting,False,False,3,3,0,2.8743074170779437,7.3967914171516895
concurrent,quality_only_swap_in,False,inadmissible_by_quality_only_swap_in_policy,Food_Delivery_Time,363672,1,1,4,S1F3,2,434,434,10000,10000,484,484,484,484,434,434,0.1,0.1,early_stopping,early_stopping,catboost,catboost,boosting,boosting,False,False,3,3,0,2.664069666992873,6.591526791919023
concurrent,quality_only_swap_in,False,inadmissible_by_quality_only_swap_in_policy,Food_Delivery_Time,363672,1,1,4,S1F4,3,271,271,10000,10000,321,321,321,321,271,271,0.1,0.1,early_stopping,early_stopping,catboost,catboost,boosting,boosting,False,False,3,3,0,1.850052708061412,3.9565015831030905
concurrent,quality_only_swap_in,False,inadmissible_by_quality_only_swap_in_policy,Food_Delivery_Time,363672,1,1,4,S1F5,4,360,360,10000,10000,410,410,410,410,360,360,0.1,0.1,early_stopping,early_stopping,catboost,catboost,boosting,boosting,False,False,3,3,0,2.219785291934386,4.81290179095231
concurrent,quality_only_swap_in,False,inadmissible_by_quality_only_swap_in_policy,Food_Delivery_Time,363672,1,1,4,S1F6,5,323,323,10000,10000,373,373,373,373,323,323,0.1,0.1,early_stopping,early_stopping,catboost,catboost,boosting,boosting,False,False,3,3,0,2.033684500027448,4.894789499929175
concurrent,quality_only_swap_in,False,inadmissible_by_quality_only_swap_in_policy,Food_Delivery_Time,363672,1,1,4,S1F7,6,482,482,10000,10000,532,532,532,532,482,482,0.1,0.1,early_stopping,early_stopping,catboost,catboost,boosting,boosting,False,False,3,3,0,3.1749818329699337,5.164992292178795
concurrent,quality_only_swap_in,False,inadmissible_by_quality_only_swap_in_policy,Food_Delivery_Time,363672,1,1,4,S1F8,7,276,276,10000,10000,326,326,326,326,276,276,0.1,0.1,early_stopping,early_stopping,catboost,catboost,boosting,boosting,False,False,3,3,0,1.679403749993071,3.782256792066619
concurrent,quality_only_swap_in,False,inadmissible_by_quality_only_swap_in_policy,Food_Delivery_Time,363672,2,2,8,S1F1,0,334,334,10000,10000,384,384,384,384,334,334,0.1,0.1,early_stopping,early_stopping,catboost,catboost,boosting,boosting,False,False,3,3,0,2.2810376251582056,6.487373417010531
concurrent,quality_only_swap_in,False,inadmissible_by_quality_only_swap_in_policy,Food_Delivery_Time,363672,2,2,8,S1F2,1,230,145,10000,10000,280,195,280,195,230,145,0.1,0.1,early_stopping,early_stopping,catboost,lightgbm,boosting,boosting,False,False,3,3,1,1.5460354590322822,5.735484791919589
concurrent,quality_only_swap_in,False,inadmissible_by_quality_only_swap_in_policy,Food_Delivery_Time,363672,2,2,8,S1F3,2,352,187,10000,10000,402,237,402,237,352,187,0.1,0.1,early_stopping,early_stopping,catboost,lightgbm,boosting,boosting,False,False,3,3,1,2.089697416871786,7.632388208061457
concurrent,quality_only_swap_in,False,inadmissible_by_quality_only_swap_in_policy,Food_Delivery_Time,363672,2,2,8,S1F4,3,242,145,10000,10000,292,195,292,195,242,145,0.1,0.1,early_stopping,early_stopping,catboost,lightgbm,boosting,boosting,False,False,3,3,1,1.4911075001582503,3.75234316685237
concurrent,quality_only_swap_in,False,inadmissible_by_quality_only_swap_in_policy,Food_Delivery_Time,363672,2,2,8,S1F5,4,464,464,10000,10000,514,514,514,514,464,464,0.1,0.1,early_stopping,early_stopping,catboost,catboost,boosting,boosting,False,False,3,3,0,2.8256958338897675,4.259646167047322
concurrent,quality_only_swap_in,False,inadmissible_by_quality_only_swap_in_policy,Food_Delivery_Time,363672,2,2,8,S1F6,5,395,395,10000,10000,445,445,445,445,395,395,0.1,0.1,early_stopping,early_stopping,catboost,catboost,boosting,boosting,False,False,3,3,0,2.191502874949947,4.425323625095189
concurrent,quality_only_swap_in,False,inadmissible_by_quality_only_swap_in_policy,Food_Delivery_Time,363672,2,2,8,S1F7,6,512,512,10000,10000,562,562,562,562,512,512,0.1,0.1,early_stopping,early_stopping,catboost,catboost,boosting,boosting,False,False,3,3,0,2.789082624949515,6.540148583007976
concurrent,quality_only_swap_in,False,inadmissible_by_quality_only_swap_in_policy,Food_Delivery_Time,363672,2,2,8,S1F8,7,275,275,10000,10000,325,325,325,325,275,275,0.1,0.1,early_stopping,early_stopping,catboost,catboost,boosting,boosting,False,False,3,3,0,1.7228932089637965,4.193349041976035
concurrent,quality_only_swap_in,False,inadmissible_by_quality_only_swap_in_policy,healthcare_insurance_expenses,363675,0,0,0,S1F1,0,44,44,10000,10000,94,94,94,94,44,44,0.1,0.1,early_stopping,early_stopping,catboost,catboost,boosting,boosting,False,False,3,3,0,0.5284586248453707,2.0514580830931664
concurrent,quality_only_swap_in,False,inadmissible_by_quality_only_swap_in_policy,healthcare_insurance_expenses,363675,0,0,0,S1F2,1,121,30,10000,10000,171,80,171,80,121,30,0.1,0.1,early_stopping,early_stopping,catboost,lightgbm,boosting,boosting,False,False,3,3,1,0.9277400828432292,2.169054666068405
concurrent,quality_only_swap_in,False,inadmissible_by_quality_only_swap_in_policy,healthcare_insurance_expenses,363675,0,0,0,S1F3,2,43,43,10000,10000,93,93,93,93,43,43,0.1,0.1,early_stopping,early_stopping,catboost,lightgbm,boosting,boosting,False,False,3,3,1,0.46836154093034565,1.2678116660099477
concurrent,quality_only_swap_in,False,inadmissible_by_quality_only_swap_in_policy,healthcare_insurance_expenses,363675,0,0,0,S1F4,3,46,45,10000,10000,96,95,96,95,46,45,0.1,0.1,early_stopping,early_stopping,catboost,hybrid,boosting,boosting,False,False,3,3,2,0.5032595829106867,1.3367385410238057
concurrent,quality_only_swap_in,False,inadmissible_by_quality_only_swap_in_policy,healthcare_insurance_expenses,363675,0,0,0,S1F5,4,40,31,10000,10000,90,81,90,81,40,31,0.1,0.1,early_stopping,early_stopping,catboost,lightgbm,boosting,boosting,False,False,3,3,1,0.4435322501230985,1.1672687500249594
concurrent,quality_only_swap_in,False,inadmissible_by_quality_only_swap_in_policy,healthcare_insurance_expenses,363675,0,0,0,S1F6,5,35,35,10000,10000,85,85,85,85,35,35,0.1,0.1,early_stopping,early_stopping,catboost,catboost,boosting,boosting,False,False,3,3,0,0.4128364168573171,1.0692607909440994
concurrent,quality_only_swap_in,False,inadmissible_by_quality_only_swap_in_policy,healthcare_insurance_expenses,363675,0,0,0,S1F7,6,40,40,10000,10000,90,90,90,90,40,40,0.1,0.1,early_stopping,early_stopping,catboost,catboost,boosting,boosting,False,False,3,3,0,0.44090104079805315,1.422720666974783
concurrent,quality_only_swap_in,False,inadmissible_by_quality_only_swap_in_policy,healthcare_insurance_expenses,363675,0,0,0,S1F8,7,43,37,10000,10000,93,87,93,87,43,37,0.1,0.1,early_stopping,early_stopping,catboost,lightgbm,boosting,boosting,False,False,3,3,1,0.4320650000590831,1.1874325841199607
concurrent,quality_only_swap_in,False,inadmissible_by_quality_only_swap_in_policy,healthcare_insurance_expenses,363675,1,1,4,S1F1,0,57,35,10000,10000,107,85,107,85,57,35,0.1,0.1,early_stopping,early_stopping,catboost,lightgbm,boosting,boosting,False,False,3,3,1,0.5329045408871025,2.384864249965176
concurrent,quality_only_swap_in,False,inadmissible_by_quality_only_swap_in_policy,healthcare_insurance_expenses,363675,1,1,4,S1F2,1,55,45,10000,10000,105,95,105,95,55,45,0.1,0.1,early_stopping,early_stopping,catboost,lightgbm,boosting,boosting,False,False,3,3,1,0.5162078328430653,2.334791042143479
concurrent,quality_only_swap_in,False,inadmissible_by_quality_only_swap_in_policy,healthcare_insurance_expenses,363675,1,1,4,S1F3,2,42,67,10000,10000,92,117,92,117,42,67,0.1,0.1,early_stopping,early_stopping,catboost,hybrid,boosting,boosting,False,False,3,3,2,0.4985752501524985,1.5847050829324871
concurrent,quality_only_swap_in,False,inadmissible_by_quality_only_swap_in_policy,healthcare_insurance_expenses,363675,1,1,4,S1F4,3,51,44,10000,10000,101,94,101,94,51,44,0.1,0.1,early_stopping,early_stopping,catboost,lightgbm,boosting,boosting,False,False,3,3,1,0.5574372080154717,1.2518067078199238
concurrent,quality_only_swap_in,False,inadmissible_by_quality_only_swap_in_policy,healthcare_insurance_expenses,363675,1,1,4,S1F5,4,33,33,10000,10000,83,83,83,83,33,33,0.1,0.1,early_stopping,early_stopping,catboost,catboost,boosting,boosting,False,False,3,3,0,0.4361817501485348,1.0969889578409493
concurrent,quality_only_swap_in,False,inadmissible_by_quality_only_swap_in_policy,healthcare_insurance_expenses,363675,1,1,4,S1F6,5,60,60,10000,10000,110,110,110,110,60,60,0.1,0.1,early_stopping,early_stopping,catboost,catboost,boosting,boosting,False,False,3,3,0,0.5385904170107096,1.3468299999367446
concurrent,quality_only_swap_in,False,inadmissible_by_quality_only_swap_in_policy,healthcare_insurance_expenses,363675,1,1,4,S1F7,6,33,33,10000,10000,83,83,83,83,33,33,0.1,0.1,early_stopping,early_stopping,catboost,catboost,boosting,boosting,False,False,3,3,0,0.3913829999510199,1.1852437499910593
concurrent,quality_only_swap_in,False,inadmissible_by_quality_only_swap_in_policy,healthcare_insurance_expenses,363675,1,1,4,S1F8,7,29,29,10000,10000,79,79,79,79,29,29,0.1,0.1,early_stopping,early_stopping,catboost,catboost,boosting,boosting,False,False,3,3,0,0.3825668750796467,1.0635862920898944
concurrent,quality_only_swap_in,False,inadmissible_by_quality_only_swap_in_policy,healthcare_insurance_expenses,363675,2,2,8,S1F1,0,100,82,10000,10000,150,132,150,132,100,82,0.1,0.1,early_stopping,early_stopping,catboost,lightgbm,boosting,boosting,False,False,3,3,1,0.8651901250705123,3.04432149999775
concurrent,quality_only_swap_in,False,inadmissible_by_quality_only_swap_in_policy,healthcare_insurance_expenses,363675,2,2,8,S1F2,1,37,37,10000,10000,87,87,87,87,37,37,0.1,0.1,early_stopping,early_stopping,catboost,catboost,boosting,boosting,False,False,3,3,0,0.45452591590583324,1.5953147080726922
concurrent,quality_only_swap_in,False,inadmissible_by_quality_only_swap_in_policy,healthcare_insurance_expenses,363675,2,2,8,S1F3,2,57,59,10000,10000,107,109,107,109,57,59,0.1,0.1,early_stopping,early_stopping,catboost,lightgbm,boosting,boosting,False,False,3,3,1,0.5554588329978287,1.5334011251106858
concurrent,quality_only_swap_in,False,inadmissible_by_quality_only_swap_in_policy,healthcare_insurance_expenses,363675,2,2,8,S1F4,3,77,42,10000,10000,127,92,127,92,77,42,0.1,0.1,early_stopping,early_stopping,catboost,lightgbm,boosting,boosting,False,False,3,3,1,0.6188368748407811,1.3379403329454362
concurrent,quality_only_swap_in,False,inadmissible_by_quality_only_swap_in_policy,healthcare_insurance_expenses,363675,2,2,8,S1F5,4,41,41,10000,10000,91,91,91,91,41,41,0.1,0.1,early_stopping,early_stopping,catboost,catboost,boosting,boosting,False,False,3,3,0,0.4503359158989042,1.2770930000115186
concurrent,quality_only_swap_in,False,inadmissible_by_quality_only_swap_in_policy,healthcare_insurance_expenses,363675,2,2,8,S1F6,5,52,52,10000,10000,102,102,102,102,52,52,0.1,0.1,early_stopping,early_stopping,catboost,catboost,boosting,boosting,False,False,3,3,0,0.4836140831466764,1.3431450410280377
concurrent,quality_only_swap_in,False,inadmissible_by_quality_only_swap_in_policy,healthcare_insurance_expenses,363675,2,2,8,S1F7,6,131,131,10000,10000,181,181,181,181,131,131,0.1,0.1,early_stopping,early_stopping,catboost,catboost,boosting,boosting,False,False,3,3,0,0.8977835830301046,1.502511875005439
concurrent,quality_only_swap_in,False,inadmissible_by_quality_only_swap_in_policy,healthcare_insurance_expenses,363675,2,2,8,S1F8,7,49,49,10000,10000,99,99,99,99,49,49,0.1,0.1,early_stopping,early_stopping,catboost,catboost,boosting,boosting,False,False,3,3,0,0.47428179206326604,1.197806250071153
concurrent,quality_only_swap_in,False,inadmissible_by_quality_only_swap_in_policy,houses,363678,0,0,0,S1F1,0,958,958,10000,10000,1008,1008,1008,1008,958,958,0.1,0.1,early_stopping,early_stopping,catboost,catboost,boosting,boosting,False,False,3,3,0,5.307309832889587,14.636525750160217
concurrent,quality_only_swap_in,False,inadmissible_by_quality_only_swap_in_policy,houses,363678,0,0,0,S1F2,1,872,872,10000,10000,922,922,922,922,872,872,0.1,0.1,early_stopping,early_stopping,catboost,catboost,boosting,boosting,False,False,3,3,0,4.471477166982368,13.900427000131458
concurrent,quality_only_swap_in,False,inadmissible_by_quality_only_swap_in_policy,houses,363678,0,0,0,S1F3,2,997,997,10000,10000,1047,1047,1047,1047,997,997,0.1,0.1,early_stopping,early_stopping,catboost,catboost,boosting,boosting,False,False,3,3,0,5.155998667003587,15.078192417044193
concurrent,quality_only_swap_in,False,inadmissible_by_quality_only_swap_in_policy,houses,363678,0,0,0,S1F4,3,652,357,10000,10000,702,407,702,407,652,357,0.1,0.1,early_stopping,early_stopping,catboost,hybrid,boosting,boosting,False,False,3,3,2,3.673047374933958,7.47522862511687
concurrent,quality_only_swap_in,False,inadmissible_by_quality_only_swap_in_policy,houses,363678,0,0,0,S1F5,4,1319,1319,10000,10000,1369,1369,1369,1369,1319,1319,0.1,0.1,early_stopping,early_stopping,catboost,catboost,boosting,boosting,False,False,3,3,0,6.936185374855995,10.372320040827617
concurrent,quality_only_swap_in,False,inadmissible_by_quality_only_swap_in_policy,houses,363678,0,0,0,S1F6,5,1041,1041,10000,10000,1091,1091,1091,1091,1041,1041,0.1,0.1,early_stopping,early_stopping,catboost,catboost,boosting,boosting,False,False,3,3,0,5.683958290843293,8.920910999877378
concurrent,quality_only_swap_in,False,inadmissible_by_quality_only_swap_in_policy,houses,363678,0,0,0,S1F7,6,460,460,10000,10000,510,510,510,510,460,460,0.1,0.1,early_stopping,early_stopping,catboost,catboost,boosting,boosting,False,False,3,3,0,2.56204712507315,6.882515250006691
concurrent,quality_only_swap_in,False,inadmissible_by_quality_only_swap_in_policy,houses,363678,0,0,0,S1F8,7,1076,1076,10000,10000,1126,1126,1126,1126,1076,1076,0.1,0.1,early_stopping,early_stopping,catboost,catboost,boosting,boosting,False,False,3,3,0,5.583229917101562,8.942905708914623
concurrent,quality_only_swap_in,False,inadmissible_by_quality_only_swap_in_policy,houses,363678,1,1,4,S1F1,0,1115,1115,10000,10000,1165,1165,1165,1165,1115,1115,0.1,0.1,early_stopping,early_stopping,catboost,catboost,boosting,boosting,False,False,3,3,0,6.084006167016923,18.102604458108544
concurrent,quality_only_swap_in,False,inadmissible_by_quality_only_swap_in_policy,houses,363678,1,1,4,S1F2,1,704,704,10000,10000,754,754,754,754,704,704,0.1,0.1,early_stopping,early_stopping,catboost,catboost,boosting,boosting,False,False,3,3,0,3.7438514579553157,10.373021125094965
concurrent,quality_only_swap_in,False,inadmissible_by_quality_only_swap_in_policy,houses,363678,1,1,4,S1F3,2,854,854,10000,10000,904,904,904,904,854,854,0.1,0.1,early_stopping,early_stopping,catboost,catboost,boosting,boosting,False,False,3,3,0,4.291651166975498,13.287261750083417
concurrent,quality_only_swap_in,False,inadmissible_by_quality_only_swap_in_policy,houses,363678,1,1,4,S1F4,3,827,827,10000,10000,877,877,877,877,827,827,0.1,0.1,early_stopping,early_stopping,catboost,catboost,boosting,boosting,False,False,3,3,0,4.546423291089013,5.963602416915819
concurrent,quality_only_swap_in,False,inadmissible_by_quality_only_swap_in_policy,houses,363678,1,1,4,S1F5,4,590,333,10000,10000,640,383,640,383,590,333,0.1,0.1,early_stopping,early_stopping,catboost,hybrid,boosting,boosting,False,False,3,3,2,3.1861843750812113,6.864471749868244
concurrent,quality_only_swap_in,False,inadmissible_by_quality_only_swap_in_policy,houses,363678,1,1,4,S1F6,5,945,945,10000,10000,995,995,995,995,945,945,0.1,0.1,early_stopping,early_stopping,catboost,catboost,boosting,boosting,False,False,3,3,0,4.938165833009407,10.104260833002627
concurrent,quality_only_swap_in,False,inadmissible_by_quality_only_swap_in_policy,houses,363678,1,1,4,S1F7,6,1393,1393,10000,10000,1443,1443,1443,1443,1393,1393,0.1,0.1,early_stopping,early_stopping,catboost,catboost,boosting,boosting,False,False,3,3,0,7.667005917057395,12.24234616709873
concurrent,quality_only_swap_in,False,inadmissible_by_quality_only_swap_in_policy,houses,363678,1,1,4,S1F8,7,684,507,10000,10000,734,557,734,557,684,507,0.1,0.1,early_stopping,early_stopping,catboost,lightgbm,boosting,boosting,False,False,3,3,1,3.624721207888797,8.956724042072892
concurrent,quality_only_swap_in,False,inadmissible_by_quality_only_swap_in_policy,houses,363678,2,2,8,S1F1,0,1005,1005,10000,10000,1055,1055,1055,1055,1005,1005,0.1,0.1,early_stopping,early_stopping,catboost,catboost,boosting,boosting,False,False,3,3,0,5.667923499830067,13.81614104215987
concurrent,quality_only_swap_in,False,inadmissible_by_quality_only_swap_in_policy,houses,363678,2,2,8,S1F2,1,715,715,10000,10000,765,765,765,765,715,715,0.1,0.1,early_stopping,early_stopping,catboost,catboost,boosting,boosting,False,False,3,3,0,3.8255415831226856,12.88070054189302
concurrent,quality_only_swap_in,False,inadmissible_by_quality_only_swap_in_policy,houses,363678,2,2,8,S1F3,2,960,503,10000,10000,1010,553,1010,553,960,503,0.1,0.1,early_stopping,early_stopping,catboost,lightgbm,boosting,boosting,False,False,3,3,1,5.105372166028246,14.59898312506266
concurrent,quality_only_swap_in,False,inadmissible_by_quality_only_swap_in_policy,houses,363678,2,2,8,S1F4,3,878,878,10000,10000,928,928,928,928,878,878,0.1,0.1,early_stopping,early_stopping,catboost,catboost,boosting,boosting,False,False,3,3,0,4.60110095795244,7.403650374850258
concurrent,quality_only_swap_in,False,inadmissible_by_quality_only_swap_in_policy,houses,363678,2,2,8,S1F5,4,1092,1092,10000,10000,1142,1142,1142,1142,1092,1092,0.1,0.1,early_stopping,early_stopping,catboost,catboost,boosting,boosting,False,False,3,3,0,5.759278417099267,9.071839874843135
concurrent,quality_only_swap_in,False,inadmissible_by_quality_only_swap_in_policy,houses,363678,2,2,8,S1F6,5,920,920,10000,10000,970,970,970,970,920,920,0.1,0.1,early_stopping,early_stopping,catboost,catboost,boosting,boosting,False,False,3,3,0,4.851818334078416,7.547295792028308
concurrent,quality_only_swap_in,False,inadmissible_by_quality_only_swap_in_policy,houses,363678,2,2,8,S1F7,6,917,917,10000,10000,967,967,967,967,917,917,0.1,0.1,early_stopping,early_stopping,catboost,catboost,boosting,boosting,False,False,3,3,0,4.947664957959205,10.240579041885212
concurrent,quality_only_swap_in,False,inadmissible_by_quality_only_swap_in_policy,houses,363678,2,2,8,S1F8,7,1006,1006,10000,10000,1056,1056,1056,1056,1006,1006,0.1,0.1,early_stopping,early_stopping,catboost,catboost,boosting,boosting,False,False,3,3,0,5.116626458009705,8.090943959075958
concurrent,quality_only_swap_in,False,inadmissible_by_quality_only_swap_in_policy,miami_housing,363686,0,0,0,S1F1,0,749,749,10000,10000,799,799,799,799,749,749,0.1,0.1,early_stopping,early_stopping,catboost,catboost,boosting,boosting,False,False,3,3,0,4.531936541898176,13.404324708972126
concurrent,quality_only_swap_in,False,inadmissible_by_quality_only_swap_in_policy,miami_housing,363686,0,0,0,S1F2,1,640,640,10000,10000,690,690,690,690,640,640,0.1,0.1,early_stopping,early_stopping,catboost,catboost,boosting,boosting,False,False,3,3,0,3.6367039589677006,13.91834604088217
concurrent,quality_only_swap_in,False,inadmissible_by_quality_only_swap_in_policy,miami_housing,363686,0,0,0,S1F3,2,549,345,10000,10000,599,395,599,395,549,345,0.1,0.1,early_stopping,early_stopping,catboost,lightgbm,boosting,boosting,False,False,3,3,1,3.0790471248328686,7.653189375065267
concurrent,quality_only_swap_in,False,inadmissible_by_quality_only_swap_in_policy,miami_housing,363686,0,0,0,S1F4,3,508,508,10000,10000,558,558,558,558,508,508,0.1,0.1,early_stopping,early_stopping,catboost,catboost,boosting,boosting,False,False,3,3,0,2.9219354579690844,6.071760667022318
concurrent,quality_only_swap_in,False,inadmissible_by_quality_only_swap_in_policy,miami_housing,363686,0,0,0,S1F5,4,831,831,10000,10000,881,881,881,881,831,831,0.1,0.1,early_stopping,early_stopping,catboost,catboost,boosting,boosting,False,False,3,3,0,4.44910474983044,9.048528749961406
concurrent,quality_only_swap_in,False,inadmissible_by_quality_only_swap_in_policy,miami_housing,363686,0,0,0,S1F6,5,615,615,10000,10000,665,665,665,665,615,615,0.1,0.1,early_stopping,early_stopping,catboost,catboost,boosting,boosting,False,False,3,3,0,3.221452666912228,5.932550582801923
concurrent,quality_only_swap_in,False,inadmissible_by_quality_only_swap_in_policy,miami_housing,363686,0,0,0,S1F7,6,472,472,10000,10000,522,522,522,522,472,472,0.1,0.1,early_stopping,early_stopping,catboost,catboost,boosting,boosting,False,False,3,3,0,2.81466379086487,4.604303624946624
concurrent,quality_only_swap_in,False,inadmissible_by_quality_only_swap_in_policy,miami_housing,363686,0,0,0,S1F8,7,468,468,10000,10000,518,518,518,518,468,468,0.1,0.1,early_stopping,early_stopping,catboost,catboost,boosting,boosting,False,False,3,3,0,2.553589791059494,4.990211874945089
concurrent,quality_only_swap_in,False,inadmissible_by_quality_only_swap_in_policy,miami_housing,363686,1,1,4,S1F1,0,542,542,10000,10000,592,592,592,592,542,542,0.1,0.1,early_stopping,early_stopping,catboost,catboost,boosting,boosting,False,False,3,3,0,3.1054786660242826,12.597952042007819
concurrent,quality_only_swap_in,False,inadmissible_by_quality_only_swap_in_policy,miami_housing,363686,1,1,4,S1F2,1,456,308,10000,10000,506,358,506,358,456,308,0.1,0.1,early_stopping,early_stopping,catboost,lightgbm,boosting,boosting,False,False,3,3,1,2.6706340829841793,10.140236292034388
concurrent,quality_only_swap_in,False,inadmissible_by_quality_only_swap_in_policy,miami_housing,363686,1,1,4,S1F3,2,443,400,10000,10000,493,450,493,450,443,400,0.1,0.1,early_stopping,early_stopping,catboost,hybrid,boosting,boosting,False,False,3,3,2,2.543906166916713,9.15121854096651
concurrent,quality_only_swap_in,False,inadmissible_by_quality_only_swap_in_policy,miami_housing,363686,1,1,4,S1F4,3,336,336,10000,10000,386,386,386,386,336,336,0.1,0.1,early_stopping,early_stopping,catboost,catboost,boosting,boosting,False,False,3,3,0,1.8713595839217305,5.155136707937345
concurrent,quality_only_swap_in,False,inadmissible_by_quality_only_swap_in_policy,miami_housing,363686,1,1,4,S1F5,4,296,296,10000,10000,346,346,346,346,296,296,0.1,0.1,early_stopping,early_stopping,catboost,catboost,boosting,boosting,False,False,3,3,0,1.7620056250598282,4.172602083999664
concurrent,quality_only_swap_in,False,inadmissible_by_quality_only_swap_in_policy,miami_housing,363686,1,1,4,S1F6,5,388,388,10000,10000,438,438,438,438,388,388,0.1,0.1,early_stopping,early_stopping,catboost,catboost,boosting,boosting,False,False,3,3,0,2.188078791135922,6.143783957930282
concurrent,quality_only_swap_in,False,inadmissible_by_quality_only_swap_in_policy,miami_housing,363686,1,1,4,S1F7,6,947,947,10000,10000,997,997,997,997,947,947,0.1,0.1,early_stopping,early_stopping,catboost,catboost,boosting,boosting,False,False,3,3,0,5.388677250128239,12.389945375034586
concurrent,quality_only_swap_in,False,inadmissible_by_quality_only_swap_in_policy,miami_housing,363686,1,1,4,S1F8,7,985,985,10000,10000,1035,1035,1035,1035,985,985,0.1,0.1,early_stopping,early_stopping,catboost,catboost,boosting,boosting,False,False,3,3,0,5.176242916146293,6.868936875136569
concurrent,quality_only_swap_in,False,inadmissible_by_quality_only_swap_in_policy,miami_housing,363686,2,2,8,S1F1,0,472,472,10000,10000,522,522,522,522,472,472,0.1,0.1,early_stopping,early_stopping,catboost,catboost,boosting,boosting,False,False,3,3,0,2.8124274171423167,12.432719874894246
concurrent,quality_only_swap_in,False,inadmissible_by_quality_only_swap_in_policy,miami_housing,363686,2,2,8,S1F2,1,354,354,10000,10000,404,404,404,404,354,354,0.1,0.1,early_stopping,early_stopping,catboost,catboost,boosting,boosting,False,False,3,3,0,1.9562452910467982,10.086506959050894
concurrent,quality_only_swap_in,False,inadmissible_by_quality_only_swap_in_policy,miami_housing,363686,2,2,8,S1F3,2,390,390,10000,10000,440,440,440,440,390,390,0.1,0.1,early_stopping,early_stopping,catboost,catboost,boosting,boosting,False,False,3,3,0,2.2871812090743333,7.04565762495622
concurrent,quality_only_swap_in,False,inadmissible_by_quality_only_swap_in_policy,miami_housing,363686,2,2,8,S1F4,3,1100,1100,10000,10000,1150,1150,1150,1150,1100,1100,0.1,0.1,early_stopping,early_stopping,catboost,catboost,boosting,boosting,False,False,3,3,0,5.569075458915904,11.711737582925707
concurrent,quality_only_swap_in,False,inadmissible_by_quality_only_swap_in_policy,miami_housing,363686,2,2,8,S1F5,4,711,173,10000,10000,761,223,761,223,711,173,0.1,0.1,early_stopping,early_stopping,catboost,lightgbm,boosting,boosting,False,False,3,3,1,4.139735917095095,8.17820879095234
concurrent,quality_only_swap_in,False,inadmissible_by_quality_only_swap_in_policy,miami_housing,363686,2,2,8,S1F6,5,579,579,10000,10000,629,629,629,629,579,579,0.1,0.1,early_stopping,early_stopping,catboost,catboost,boosting,boosting,False,False,3,3,0,3.0503525000531226,7.274408790981397
concurrent,quality_only_swap_in,False,inadmissible_by_quality_only_swap_in_policy,miami_housing,363686,2,2,8,S1F7,6,528,528,10000,10000,578,578,578,578,528,528,0.1,0.1,early_stopping,early_stopping,catboost,catboost,boosting,boosting,False,False,3,3,0,2.7695545421447605,6.571016540983692
concurrent,quality_only_swap_in,False,inadmissible_by_quality_only_swap_in_policy,miami_housing,363686,2,2,8,S1F8,7,877,877,10000,10000,927,927,927,927,877,877,0.1,0.1,early_stopping,early_stopping,catboost,catboost,boosting,boosting,False,False,3,3,0,4.696657167049125,8.56896920897998
concurrent,quality_only_swap_in,False,inadmissible_by_quality_only_swap_in_policy,physiochemical_protein,363693,0,0,0,S1F1,0,3218,1671,10000,10000,3268,1721,3268,1721,3218,1671,0.1,0.1,early_stopping,early_stopping,catboost,hybrid,boosting,boosting,False,False,3,3,2,17.41726587503217,53.19177804212086
concurrent,quality_only_swap_in,False,inadmissible_by_quality_only_swap_in_policy,physiochemical_protein,363693,0,0,0,S1F2,1,3582,3582,10000,10000,3632,3632,3632,3632,3582,3582,0.1,0.1,early_stopping,early_stopping,catboost,catboost,boosting,boosting,False,False,3,3,0,18.28902087500319,54.88252366706729
concurrent,quality_only_swap_in,False,inadmissible_by_quality_only_swap_in_policy,physiochemical_protein,363693,0,0,0,S1F3,2,2575,1759,10000,10000,2625,1809,2625,1809,2575,1759,0.1,0.1,early_stopping,early_stopping,catboost,hybrid,boosting,boosting,False,False,3,3,2,12.622477332828566,32.3165890830569
concurrent,quality_only_swap_in,False,inadmissible_by_quality_only_swap_in_policy,physiochemical_protein,363693,0,0,0,S1F4,3,2032,1641,10000,10000,2082,1691,2082,1691,2032,1641,0.1,0.1,early_stopping,early_stopping,catboost,hybrid,boosting,boosting,False,False,3,3,2,10.67003137501888,28.495221874909475
concurrent,quality_only_swap_in,False,inadmissible_by_quality_only_swap_in_policy,physiochemical_protein,363693,0,0,0,S1F5,4,3048,1327,10000,10000,3098,1377,3098,1377,3048,1327,0.1,0.1,early_stopping,early_stopping,catboost,hybrid,boosting,boosting,False,False,3,3,2,15.616929875221103,29.472758499905467
concurrent,quality_only_swap_in,False,inadmissible_by_quality_only_swap_in_policy,physiochemical_protein,363693,0,0,0,S1F6,5,3204,1510,10000,10000,3254,1560,3254,1560,3204,1510,0.1,0.1,early_stopping,early_stopping,catboost,hybrid,boosting,boosting,False,False,3,3,2,15.94801904191263,34.845061166910455
concurrent,quality_only_swap_in,False,inadmissible_by_quality_only_swap_in_policy,physiochemical_protein,363693,0,0,0,S1F7,6,2736,1517,10000,10000,2786,1567,2786,1567,2736,1517,0.1,0.1,early_stopping,early_stopping,catboost,lightgbm,boosting,boosting,False,False,3,3,1,14.400627875002101,27.08324445807375
concurrent,quality_only_swap_in,False,inadmissible_by_quality_only_swap_in_policy,physiochemical_protein,363693,0,0,0,S1F8,7,1631,1707,10000,10000,1681,1757,1681,1757,1631,1707,0.1,0.1,early_stopping,early_stopping,catboost,hybrid,boosting,boosting,False,False,3,3,2,8.291196499951184,26.485060083912686
concurrent,quality_only_swap_in,False,inadmissible_by_quality_only_swap_in_policy,physiochemical_protein,363693,1,1,4,S1F1,0,2128,1708,10000,10000,2178,1758,2178,1758,2128,1708,0.1,0.1,early_stopping,early_stopping,catboost,lightgbm,boosting,boosting,False,False,3,3,1,11.857181166065857,44.53965845797211
concurrent,quality_only_swap_in,False,inadmissible_by_quality_only_swap_in_policy,physiochemical_protein,363693,1,1,4,S1F2,1,3394,1362,10000,10000,3444,1412,3444,1412,3394,1362,0.1,0.1,early_stopping,early_stopping,catboost,hybrid,boosting,boosting,False,False,3,3,2,18.184635249897838,49.15759216598235
concurrent,quality_only_swap_in,False,inadmissible_by_quality_only_swap_in_policy,physiochemical_protein,363693,1,1,4,S1F3,2,2453,2453,10000,10000,2503,2503,2503,2503,2453,2453,0.1,0.1,early_stopping,early_stopping,catboost,catboost,boosting,boosting,False,False,3,3,0,12.680805457988754,30.38972087483853
concurrent,quality_only_swap_in,False,inadmissible_by_quality_only_swap_in_policy,physiochemical_protein,363693,1,1,4,S1F4,3,2843,1421,10000,10000,2893,1471,2893,1471,2843,1421,0.1,0.1,early_stopping,early_stopping,catboost,hybrid,boosting,boosting,False,False,3,3,2,14.820330041926354,29.610631458926946
concurrent,quality_only_swap_in,False,inadmissible_by_quality_only_swap_in_policy,physiochemical_protein,363693,1,1,4,S1F5,4,2588,1950,10000,10000,2638,2000,2638,2000,2588,1950,0.1,0.1,early_stopping,early_stopping,catboost,lightgbm,boosting,boosting,False,False,3,3,1,14.400262916926295,28.938598750159144
concurrent,quality_only_swap_in,False,inadmissible_by_quality_only_swap_in_policy,physiochemical_protein,363693,1,1,4,S1F6,5,2386,1414,10000,10000,2436,1464,2436,1464,2386,1414,0.1,0.1,early_stopping,early_stopping,catboost,lightgbm,boosting,boosting,False,False,3,3,1,12.57009479100816,25.21671541687101
concurrent,quality_only_swap_in,False,inadmissible_by_quality_only_swap_in_policy,physiochemical_protein,363693,1,1,4,S1F7,6,2483,1410,10000,10000,2533,1460,2533,1460,2483,1410,0.1,0.1,early_stopping,early_stopping,catboost,hybrid,boosting,boosting,False,False,3,3,2,12.662550708046183,23.969518332974985
concurrent,quality_only_swap_in,False,inadmissible_by_quality_only_swap_in_policy,physiochemical_protein,363693,1,1,4,S1F8,7,2868,2868,10000,10000,2918,2918,2918,2918,2868,2868,0.1,0.1,early_stopping,early_stopping,catboost,catboost,boosting,boosting,False,False,3,3,0,14.482068958226591,28.41184770897962
concurrent,quality_only_swap_in,False,inadmissible_by_quality_only_swap_in_policy,physiochemical_protein,363693,2,2,8,S1F1,0,2803,1767,10000,10000,2853,1817,2853,1817,2803,1767,0.1,0.1,early_stopping,early_stopping,catboost,hybrid,boosting,boosting,False,False,3,3,2,15.361524541862309,51.139299125177786
concurrent,quality_only_swap_in,False,inadmissible_by_quality_only_swap_in_policy,physiochemical_protein,363693,2,2,8,S1F2,1,2118,1295,10000,10000,2168,1345,2168,1345,2118,1295,0.1,0.1,early_stopping,early_stopping,catboost,hybrid,boosting,boosting,False,False,3,3,2,11.057012166827917,41.52713637496345
concurrent,quality_only_swap_in,False,inadmissible_by_quality_only_swap_in_policy,physiochemical_protein,363693,2,2,8,S1F3,2,1946,1946,10000,10000,1996,1996,1996,1996,1946,1946,0.1,0.1,early_stopping,early_stopping,catboost,catboost,boosting,boosting,False,False,3,3,0,9.747624250128865,30.676729917060584
concurrent,quality_only_swap_in,False,inadmissible_by_quality_only_swap_in_policy,physiochemical_protein,363693,2,2,8,S1F4,3,1975,1325,10000,10000,2025,1375,2025,1375,1975,1325,0.1,0.1,early_stopping,early_stopping,catboost,hybrid,boosting,boosting,False,False,3,3,2,10.129203082993627,23.149697249988094
concurrent,quality_only_swap_in,False,inadmissible_by_quality_only_swap_in_policy,physiochemical_protein,363693,2,2,8,S1F5,4,2822,1781,10000,10000,2872,1831,2872,1831,2822,1781,0.1,0.1,early_stopping,early_stopping,catboost,hybrid,boosting,boosting,False,False,3,3,2,15.541993165854365,34.54095291602425
concurrent,quality_only_swap_in,False,inadmissible_by_quality_only_swap_in_policy,physiochemical_protein,363693,2,2,8,S1F6,5,3284,1922,10000,10000,3334,1972,3334,1972,3284,1922,0.1,0.1,early_stopping,early_stopping,catboost,lightgbm,boosting,boosting,False,False,3,3,1,16.61701212497428,37.15435624984093
concurrent,quality_only_swap_in,False,inadmissible_by_quality_only_swap_in_policy,physiochemical_protein,363693,2,2,8,S1F7,6,2391,1143,10000,10000,2441,1193,2441,1193,2391,1143,0.1,0.1,early_stopping,early_stopping,catboost,hybrid,boosting,boosting,False,False,3,3,2,11.76933304197155,22.976367291994393
concurrent,quality_only_swap_in,False,inadmissible_by_quality_only_swap_in_policy,physiochemical_protein,363693,2,2,8,S1F8,7,2393,1042,10000,10000,2443,1092,2443,1092,2393,1042,0.1,0.1,early_stopping,early_stopping,catboost,hybrid,boosting,boosting,False,False,3,3,2,13.059494333108887,23.474712667055428
concurrent,quality_only_swap_in,False,inadmissible_by_quality_only_swap_in_policy,QSAR-TID-11,363697,0,0,0,S1F1,0,1016,1016,10000,10000,1066,1066,1066,1066,1016,1016,0.1,0.1,early_stopping,early_stopping,catboost,catboost,boosting,boosting,False,False,3,3,0,13.019448541104794,33.20253308303654
concurrent,quality_only_swap_in,False,inadmissible_by_quality_only_swap_in_policy,QSAR-TID-11,363697,0,0,0,S1F2,1,751,432,10000,10000,801,482,801,482,751,432,0.1,0.1,early_stopping,early_stopping,catboost,hybrid,boosting,boosting,False,False,3,3,2,8.491690750000998,34.85431979200803
concurrent,quality_only_swap_in,False,inadmissible_by_quality_only_swap_in_policy,QSAR-TID-11,363697,0,0,0,S1F3,2,1199,405,10000,10000,1249,455,1249,455,1199,405,0.1,0.1,early_stopping,early_stopping,catboost,hybrid,boosting,boosting,False,False,3,3,2,14.729810165939853,27.436153375077993
concurrent,quality_only_swap_in,False,inadmissible_by_quality_only_swap_in_policy,QSAR-TID-11,363697,0,0,0,S1F4,3,569,569,10000,10000,619,619,619,619,569,569,0.1,0.1,early_stopping,early_stopping,catboost,lightgbm,boosting,boosting,False,False,3,3,1,6.85880579194054,26.718845832860097
concurrent,quality_only_swap_in,False,inadmissible_by_quality_only_swap_in_policy,QSAR-TID-11,363697,0,0,0,S1F5,4,875,508,10000,10000,925,558,925,558,875,508,0.1,0.1,early_stopping,early_stopping,catboost,hybrid,boosting,boosting,False,False,3,3,2,10.060656874906272,31.501835166942328
concurrent,quality_only_swap_in,False,inadmissible_by_quality_only_swap_in_policy,QSAR-TID-11,363697,0,0,0,S1F6,5,885,532,10000,10000,935,582,935,582,885,532,0.1,0.1,early_stopping,early_stopping,catboost,hybrid,boosting,boosting,False,False,3,3,2,10.063739333068952,31.212813833961263
concurrent,quality_only_swap_in,False,inadmissible_by_quality_only_swap_in_policy,QSAR-TID-11,363697,0,0,0,S1F7,6,1113,415,10000,10000,1163,465,1163,465,1113,415,0.1,0.1,early_stopping,early_stopping,catboost,hybrid,boosting,boosting,False,False,3,3,2,13.12406524992548,29.442648832919076
concurrent,quality_only_swap_in,False,inadmissible_by_quality_only_swap_in_policy,QSAR-TID-11,363697,0,0,0,S1F8,7,755,292,10000,10000,805,342,805,342,755,292,0.1,0.1,early_stopping,early_stopping,catboost,lightgbm,boosting,boosting,False,False,3,3,1,8.526140916859731,23.636575625045225
concurrent,quality_only_swap_in,False,inadmissible_by_quality_only_swap_in_policy,QSAR-TID-11,363697,1,1,4,S1F1,0,602,290,10000,10000,652,340,652,340,602,290,0.1,0.1,early_stopping,early_stopping,catboost,lightgbm,boosting,boosting,False,False,3,3,1,8.169712874805555,30.045734541025013
concurrent,quality_only_swap_in,False,inadmissible_by_quality_only_swap_in_policy,QSAR-TID-11,363697,1,1,4,S1F2,1,1079,507,10000,10000,1129,557,1129,557,1079,507,0.1,0.1,early_stopping,early_stopping,catboost,hybrid,boosting,boosting,False,False,3,3,2,12.71610016701743,49.07166116591543
concurrent,quality_only_swap_in,False,inadmissible_by_quality_only_swap_in_policy,QSAR-TID-11,363697,1,1,4,S1F3,2,646,595,10000,10000,696,645,696,645,646,595,0.1,0.1,early_stopping,early_stopping,catboost,lightgbm,boosting,boosting,False,False,3,3,1,7.276965083088726,27.804996208986267
concurrent,quality_only_swap_in,False,inadmissible_by_quality_only_swap_in_policy,QSAR-TID-11,363697,1,1,4,S1F4,3,1019,403,10000,10000,1069,453,1069,453,1019,403,0.1,0.1,early_stopping,early_stopping,catboost,hybrid,boosting,boosting,False,False,3,3,2,12.500459540868178,27.73052812484093
concurrent,quality_only_swap_in,False,inadmissible_by_quality_only_swap_in_policy,QSAR-TID-11,363697,1,1,4,S1F5,4,773,773,10000,10000,823,823,823,823,773,773,0.1,0.1,early_stopping,early_stopping,catboost,catboost,boosting,boosting,False,False,3,3,0,9.222899625077844,20.860552582889795
concurrent,quality_only_swap_in,False,inadmissible_by_quality_only_swap_in_policy,QSAR-TID-11,363697,1,1,4,S1F6,5,469,208,10000,10000,519,258,519,258,469,208,0.1,0.1,early_stopping,early_stopping,catboost,lightgbm,boosting,boosting,False,False,3,3,1,5.4437150419689715,17.313489041058347
concurrent,quality_only_swap_in,False,inadmissible_by_quality_only_swap_in_policy,QSAR-TID-11,363697,1,1,4,S1F7,6,658,314,10000,10000,708,364,708,364,658,314,0.1,0.1,early_stopping,early_stopping,catboost,hybrid,boosting,boosting,False,False,3,3,2,7.391612875042483,20.535368792014197
concurrent,quality_only_swap_in,False,inadmissible_by_quality_only_swap_in_policy,QSAR-TID-11,363697,1,1,4,S1F8,7,477,218,10000,10000,527,268,527,268,477,218,0.1,0.1,early_stopping,early_stopping,catboost,hybrid,boosting,boosting,False,False,3,3,2,5.54490299988538,17.71631291694939
concurrent,quality_only_swap_in,False,inadmissible_by_quality_only_swap_in_policy,QSAR-TID-11,363697,2,2,8,S1F1,0,614,320,10000,10000,664,370,664,370,614,320,0.1,0.1,early_stopping,early_stopping,catboost,hybrid,boosting,boosting,False,False,3,3,2,8.92476400011219,29.012439124984667
concurrent,quality_only_swap_in,False,inadmissible_by_quality_only_swap_in_policy,QSAR-TID-11,363697,2,2,8,S1F2,1,778,355,10000,10000,828,405,828,405,778,355,0.1,0.1,early_stopping,early_stopping,catboost,lightgbm,boosting,boosting,False,False,3,3,1,8.421253666980192,34.80675525008701
concurrent,quality_only_swap_in,False,inadmissible_by_quality_only_swap_in_policy,QSAR-TID-11,363697,2,2,8,S1F3,2,561,247,10000,10000,611,297,611,297,561,247,0.1,0.1,early_stopping,early_stopping,catboost,hybrid,boosting,boosting,False,False,3,3,2,6.335750416852534,22.76079500000924
concurrent,quality_only_swap_in,False,inadmissible_by_quality_only_swap_in_policy,QSAR-TID-11,363697,2,2,8,S1F4,3,1274,1274,10000,10000,1324,1324,1324,1324,1274,1274,0.1,0.1,early_stopping,early_stopping,catboost,catboost,boosting,boosting,False,False,3,3,0,15.386350832879543,27.21824104199186
concurrent,quality_only_swap_in,False,inadmissible_by_quality_only_swap_in_policy,QSAR-TID-11,363697,2,2,8,S1F5,4,1427,386,10000,10000,1477,436,1477,436,1427,386,0.1,0.1,early_stopping,early_stopping,catboost,lightgbm,boosting,boosting,False,False,3,3,1,17.050510457949713,27.824746541911736
concurrent,quality_only_swap_in,False,inadmissible_by_quality_only_swap_in_policy,QSAR-TID-11,363697,2,2,8,S1F6,5,873,318,10000,10000,923,368,923,368,873,318,0.1,0.1,early_stopping,early_stopping,catboost,hybrid,boosting,boosting,False,False,3,3,2,9.617418250069022,23.09285524999723
concurrent,quality_only_swap_in,False,inadmissible_by_quality_only_swap_in_policy,QSAR-TID-11,363697,2,2,8,S1F7,6,951,367,10000,10000,1001,417,1001,417,951,367,0.1,0.1,early_stopping,early_stopping,catboost,lightgbm,boosting,boosting,False,False,3,3,1,10.609845499973744,25.170102417003363
concurrent,quality_only_swap_in,False,inadmissible_by_quality_only_swap_in_policy,QSAR-TID-11,363697,2,2,8,S1F8,7,720,720,10000,10000,770,770,770,770,720,720,0.1,0.1,early_stopping,early_stopping,catboost,catboost,boosting,boosting,False,False,3,3,0,9.405275082914159,23.143176208017394
concurrent,quality_only_swap_in,False,inadmissible_by_quality_only_swap_in_policy,QSAR_fish_toxicity,363698,0,0,0,S1F1,0,37,37,10000,10000,87,87,87,87,37,37,0.1,0.1,early_stopping,early_stopping,catboost,catboost,boosting,boosting,False,False,3,3,0,0.4892679580952972,1.6740292911417782
concurrent,quality_only_swap_in,False,inadmissible_by_quality_only_swap_in_policy,QSAR_fish_toxicity,363698,0,0,0,S1F2,1,239,257,10000,10000,289,307,289,307,239,257,0.1,0.1,early_stopping,early_stopping,catboost,hybrid,boosting,boosting,False,False,3,3,2,1.396651041926816,5.451520582893863
concurrent,quality_only_swap_in,False,inadmissible_by_quality_only_swap_in_policy,QSAR_fish_toxicity,363698,0,0,0,S1F3,2,97,97,10000,10000,147,147,147,147,97,97,0.1,0.1,early_stopping,early_stopping,catboost,catboost,boosting,boosting,False,False,3,3,0,0.7212445419281721,1.3007127079181373
concurrent,quality_only_swap_in,False,inadmissible_by_quality_only_swap_in_policy,QSAR_fish_toxicity,363698,0,0,0,S1F4,3,53,71,10000,10000,103,121,103,121,53,71,0.1,0.1,early_stopping,early_stopping,catboost,lightgbm,boosting,boosting,False,False,3,3,1,0.577473749872297,1.2009855408687145
concurrent,quality_only_swap_in,False,inadmissible_by_quality_only_swap_in_policy,QSAR_fish_toxicity,363698,0,0,0,S1F5,4,123,123,10000,10000,173,173,173,173,123,123,0.1,0.1,early_stopping,early_stopping,catboost,catboost,boosting,boosting,False,False,3,3,0,0.9217634159140289,1.7014721659943461
concurrent,quality_only_swap_in,False,inadmissible_by_quality_only_swap_in_policy,QSAR_fish_toxicity,363698,0,0,0,S1F6,5,44,29,10000,10000,94,79,94,79,44,29,0.1,0.1,early_stopping,early_stopping,catboost,hybrid,boosting,boosting,False,False,3,3,2,0.4710768749937415,0.9170593339949846
concurrent,quality_only_swap_in,False,inadmissible_by_quality_only_swap_in_policy,QSAR_fish_toxicity,363698,0,0,0,S1F7,6,96,89,10000,10000,146,139,146,139,96,89,0.1,0.1,early_stopping,early_stopping,catboost,hybrid,boosting,boosting,False,False,3,3,2,0.7537256660871208,1.3389192500617355
concurrent,quality_only_swap_in,False,inadmissible_by_quality_only_swap_in_policy,QSAR_fish_toxicity,363698,0,0,0,S1F8,7,156,156,10000,10000,206,206,206,206,156,156,0.1,0.1,early_stopping,early_stopping,catboost,catboost,boosting,boosting,False,False,3,3,0,1.0931112919934094,1.3953138750512153
concurrent,quality_only_swap_in,False,inadmissible_by_quality_only_swap_in_policy,QSAR_fish_toxicity,363698,1,1,4,S1F1,0,435,201,10000,10000,485,251,485,251,435,201,0.1,0.1,early_stopping,early_stopping,catboost,lightgbm,boosting,boosting,False,False,3,3,1,2.644358417019248,6.164038874907419
concurrent,quality_only_swap_in,False,inadmissible_by_quality_only_swap_in_policy,QSAR_fish_toxicity,363698,1,1,4,S1F2,1,58,123,10000,10000,108,173,108,173,58,123,0.1,0.1,early_stopping,early_stopping,catboost,hybrid,boosting,boosting,False,False,3,3,2,0.5932368750218302,1.292874916922301
concurrent,quality_only_swap_in,False,inadmissible_by_quality_only_swap_in_policy,QSAR_fish_toxicity,363698,1,1,4,S1F3,2,47,51,10000,10000,97,101,97,101,47,51,0.1,0.1,early_stopping,early_stopping,catboost,hybrid,boosting,boosting,False,False,3,3,2,0.5313023331109434,1.022247875109315
concurrent,quality_only_swap_in,False,inadmissible_by_quality_only_swap_in_policy,QSAR_fish_toxicity,363698,1,1,4,S1F4,3,42,29,10000,10000,92,79,92,79,42,29,0.1,0.1,early_stopping,early_stopping,catboost,lightgbm,boosting,boosting,False,False,3,3,1,0.5222240001894534,0.8391435001976788
concurrent,quality_only_swap_in,False,inadmissible_by_quality_only_swap_in_policy,QSAR_fish_toxicity,363698,1,1,4,S1F5,4,53,52,10000,10000,103,102,103,102,53,52,0.1,0.1,early_stopping,early_stopping,catboost,hybrid,boosting,boosting,False,False,3,3,2,0.5529362917877734,1.0098855830729008
concurrent,quality_only_swap_in,False,inadmissible_by_quality_only_swap_in_policy,QSAR_fish_toxicity,363698,1,1,4,S1F6,5,80,56,10000,10000,130,106,130,106,80,56,0.1,0.1,early_stopping,early_stopping,catboost,hybrid,boosting,boosting,False,False,3,3,2,0.7361775420140475,1.2267383330035955
concurrent,quality_only_swap_in,False,inadmissible_by_quality_only_swap_in_policy,QSAR_fish_toxicity,363698,1,1,4,S1F7,6,40,37,10000,10000,90,87,90,87,40,37,0.1,0.1,early_stopping,early_stopping,catboost,lightgbm,boosting,boosting,False,False,3,3,1,0.48423375003039837,0.9012293750420213
concurrent,quality_only_swap_in,False,inadmissible_by_quality_only_swap_in_policy,QSAR_fish_toxicity,363698,1,1,4,S1F8,7,36,36,10000,10000,86,86,86,86,36,36,0.1,0.1,early_stopping,early_stopping,catboost,catboost,boosting,boosting,False,False,3,3,0,0.4904089169576764,0.9294581250287592
concurrent,quality_only_swap_in,False,inadmissible_by_quality_only_swap_in_policy,QSAR_fish_toxicity,363698,2,2,8,S1F1,0,40,40,10000,10000,90,90,90,90,40,40,0.1,0.1,early_stopping,early_stopping,catboost,catboost,boosting,boosting,False,False,3,3,0,0.4854534158948809,2.0062257500831038
concurrent,quality_only_swap_in,False,inadmissible_by_quality_only_swap_in_policy,QSAR_fish_toxicity,363698,2,2,8,S1F2,1,119,49,10000,10000,169,99,169,99,119,49,0.1,0.1,early_stopping,early_stopping,catboost,lightgbm,boosting,boosting,False,False,3,3,1,0.9904597909189761,2.4893506669905037
concurrent,quality_only_swap_in,False,inadmissible_by_quality_only_swap_in_policy,QSAR_fish_toxicity,363698,2,2,8,S1F3,2,124,124,10000,10000,174,174,174,174,124,124,0.1,0.1,early_stopping,early_stopping,catboost,catboost,boosting,boosting,False,False,3,3,0,0.9479292922187597,2.15422691591084
concurrent,quality_only_swap_in,False,inadmissible_by_quality_only_swap_in_policy,QSAR_fish_toxicity,363698,2,2,8,S1F4,3,50,37,10000,10000,100,87,100,87,50,37,0.1,0.1,early_stopping,early_stopping,catboost,hybrid,boosting,boosting,False,False,3,3,2,0.5618160420563072,0.9775869590230286
concurrent,quality_only_swap_in,False,inadmissible_by_quality_only_swap_in_policy,QSAR_fish_toxicity,363698,2,2,8,S1F5,4,42,31,10000,10000,92,81,92,81,42,31,0.1,0.1,early_stopping,early_stopping,catboost,lightgbm,boosting,boosting,False,False,3,3,1,0.509350584121421,0.8801809579599649
concurrent,quality_only_swap_in,False,inadmissible_by_quality_only_swap_in_policy,QSAR_fish_toxicity,363698,2,2,8,S1F6,5,85,85,10000,10000,135,135,135,135,85,85,0.1,0.1,early_stopping,early_stopping,catboost,catboost,boosting,boosting,False,False,3,3,0,0.704838750185445,1.0840599169023335
concurrent,quality_only_swap_in,False,inadmissible_by_quality_only_swap_in_policy,QSAR_fish_toxicity,363698,2,2,8,S1F7,6,125,125,10000,10000,175,175,175,175,125,125,0.1,0.1,early_stopping,early_stopping,catboost,catboost,boosting,boosting,False,False,3,3,0,0.8100182497873902,2.290683458093554
concurrent,quality_only_swap_in,False,inadmissible_by_quality_only_swap_in_policy,QSAR_fish_toxicity,363698,2,2,8,S1F8,7,28,28,10000,10000,78,78,78,78,28,28,0.1,0.1,early_stopping,early_stopping,catboost,catboost,boosting,boosting,False,False,3,3,0,0.36879904102534056,0.7806233330629766
concurrent,quality_only_swap_in,False,inadmissible_by_quality_only_swap_in_policy,superconductivity,363705,0,0,0,S1F1,0,1319,564,10000,10000,1369,614,1369,614,1319,564,0.1,0.1,early_stopping,early_stopping,catboost,hybrid,boosting,boosting,False,False,3,3,2,9.347704999847338,25.030830750009045
concurrent,quality_only_swap_in,False,inadmissible_by_quality_only_swap_in_policy,superconductivity,363705,0,0,0,S1F2,1,1784,1784,10000,10000,1834,1834,1834,1834,1784,1784,0.1,0.1,early_stopping,early_stopping,catboost,catboost,boosting,boosting,False,False,3,3,0,11.202588000101969,27.669431833084673
concurrent,quality_only_swap_in,False,inadmissible_by_quality_only_swap_in_policy,superconductivity,363705,0,0,0,S1F3,2,1774,1774,10000,10000,1824,1824,1824,1824,1774,1774,0.1,0.1,early_stopping,early_stopping,catboost,catboost,boosting,boosting,False,False,3,3,0,10.519693334121257,29.587070083012804
concurrent,quality_only_swap_in,False,inadmissible_by_quality_only_swap_in_policy,superconductivity,363705,0,0,0,S1F4,3,1349,1349,10000,10000,1399,1399,1399,1399,1349,1349,0.1,0.1,early_stopping,early_stopping,catboost,catboost,boosting,boosting,False,False,3,3,0,8.103698374936357,17.192474333802238
concurrent,quality_only_swap_in,False,inadmissible_by_quality_only_swap_in_policy,superconductivity,363705,0,0,0,S1F5,4,1373,564,10000,10000,1423,614,1423,614,1373,564,0.1,0.1,early_stopping,early_stopping,catboost,hybrid,boosting,boosting,False,False,3,3,2,9.769153791945428,16.583885667147115
concurrent,quality_only_swap_in,False,inadmissible_by_quality_only_swap_in_policy,superconductivity,363705,0,0,0,S1F6,5,1099,681,10000,10000,1149,731,1149,731,1099,681,0.1,0.1,early_stopping,early_stopping,catboost,lightgbm,boosting,boosting,False,False,3,3,1,6.414572332985699,16.8189615001902
concurrent,quality_only_swap_in,False,inadmissible_by_quality_only_swap_in_policy,superconductivity,363705,0,0,0,S1F7,6,1186,384,10000,10000,1236,434,1236,434,1186,384,0.1,0.1,early_stopping,early_stopping,catboost,hybrid,boosting,boosting,False,False,3,3,2,7.116933292010799,11.175955999875441
concurrent,quality_only_swap_in,False,inadmissible_by_quality_only_swap_in_policy,superconductivity,363705,0,0,0,S1F8,7,1320,578,10000,10000,1370,628,1370,628,1320,578,0.1,0.1,early_stopping,early_stopping,catboost,lightgbm,boosting,boosting,False,False,3,3,1,7.522862124955282,16.531293332809582
concurrent,quality_only_swap_in,False,inadmissible_by_quality_only_swap_in_policy,superconductivity,363705,1,1,4,S1F1,0,1327,636,10000,10000,1377,686,1377,686,1327,636,0.1,0.1,early_stopping,early_stopping,catboost,hybrid,boosting,boosting,False,False,3,3,2,8.567042582901195,28.72476666700095
concurrent,quality_only_swap_in,False,inadmissible_by_quality_only_swap_in_policy,superconductivity,363705,1,1,4,S1F2,1,1686,1686,10000,10000,1736,1736,1736,1736,1686,1686,0.1,0.1,early_stopping,early_stopping,catboost,catboost,boosting,boosting,False,False,3,3,0,9.513349917018786,33.2407102920115
concurrent,quality_only_swap_in,False,inadmissible_by_quality_only_swap_in_policy,superconductivity,363705,1,1,4,S1F3,2,1488,926,10000,10000,1538,976,1538,976,1488,926,0.1,0.1,early_stopping,early_stopping,catboost,lightgbm,boosting,boosting,False,False,3,3,1,8.71261866693385,24.139958624960855
concurrent,quality_only_swap_in,False,inadmissible_by_quality_only_swap_in_policy,superconductivity,363705,1,1,4,S1F4,3,1004,582,10000,10000,1054,632,1054,632,1004,582,0.1,0.1,early_stopping,early_stopping,catboost,lightgbm,boosting,boosting,False,False,3,3,1,6.133494707988575,12.815913041122258
concurrent,quality_only_swap_in,False,inadmissible_by_quality_only_swap_in_policy,superconductivity,363705,1,1,4,S1F5,4,1412,1412,10000,10000,1462,1462,1462,1462,1412,1412,0.1,0.1,early_stopping,early_stopping,catboost,catboost,boosting,boosting,False,False,3,3,0,8.499876542016864,13.829378542024642
concurrent,quality_only_swap_in,False,inadmissible_by_quality_only_swap_in_policy,superconductivity,363705,1,1,4,S1F6,5,1254,648,10000,10000,1304,698,1304,698,1254,648,0.1,0.1,early_stopping,early_stopping,catboost,hybrid,boosting,boosting,False,False,3,3,2,7.2576337091159075,15.862907875096425
concurrent,quality_only_swap_in,False,inadmissible_by_quality_only_swap_in_policy,superconductivity,363705,1,1,4,S1F7,6,1737,815,10000,10000,1787,865,1787,865,1737,815,0.1,0.1,early_stopping,early_stopping,catboost,hybrid,boosting,boosting,False,False,3,3,2,11.313263915944844,20.819508208194748
concurrent,quality_only_swap_in,False,inadmissible_by_quality_only_swap_in_policy,superconductivity,363705,1,1,4,S1F8,7,1663,841,10000,10000,1713,891,1713,891,1663,841,0.1,0.1,early_stopping,early_stopping,catboost,hybrid,boosting,boosting,False,False,3,3,2,10.84168199985288,19.746165290940553
concurrent,quality_only_swap_in,False,inadmissible_by_quality_only_swap_in_policy,superconductivity,363705,2,2,8,S1F1,0,1584,879,10000,10000,1634,929,1634,929,1584,879,0.1,0.1,early_stopping,early_stopping,catboost,lightgbm,boosting,boosting,False,False,3,3,1,10.345787915866822,39.23840825003572
concurrent,quality_only_swap_in,False,inadmissible_by_quality_only_swap_in_policy,superconductivity,363705,2,2,8,S1F2,1,1647,1647,10000,10000,1697,1697,1697,1697,1647,1647,0.1,0.1,early_stopping,early_stopping,catboost,catboost,boosting,boosting,False,False,3,3,0,10.248816374922171,33.521857584128156
concurrent,quality_only_swap_in,False,inadmissible_by_quality_only_swap_in_policy,superconductivity,363705,2,2,8,S1F3,2,1048,714,10000,10000,1098,764,1098,764,1048,714,0.1,0.1,early_stopping,early_stopping,catboost,hybrid,boosting,boosting,False,False,3,3,2,6.660630375146866,18.57587679103017
concurrent,quality_only_swap_in,False,inadmissible_by_quality_only_swap_in_policy,superconductivity,363705,2,2,8,S1F4,3,1156,871,10000,10000,1206,921,1206,921,1156,871,0.1,0.1,early_stopping,early_stopping,catboost,lightgbm,boosting,boosting,False,False,3,3,1,8.010090250056237,19.698197833029553
concurrent,quality_only_swap_in,False,inadmissible_by_quality_only_swap_in_policy,superconductivity,363705,2,2,8,S1F5,4,1008,483,10000,10000,1058,533,1058,533,1008,483,0.1,0.1,early_stopping,early_stopping,catboost,hybrid,boosting,boosting,False,False,3,3,2,7.106623125029728,12.144465625053272
concurrent,quality_only_swap_in,False,inadmissible_by_quality_only_swap_in_policy,superconductivity,363705,2,2,8,S1F6,5,867,589,10000,10000,917,639,917,639,867,589,0.1,0.1,early_stopping,early_stopping,catboost,lightgbm,boosting,boosting,False,False,3,3,1,5.534034000011161,11.846475042169914
concurrent,quality_only_swap_in,False,inadmissible_by_quality_only_swap_in_policy,superconductivity,363705,2,2,8,S1F7,6,1488,604,10000,10000,1538,654,1538,654,1488,604,0.1,0.1,early_stopping,early_stopping,catboost,lightgbm,boosting,boosting,False,False,3,3,1,8.688117458019406,15.14254158292897
concurrent,quality_only_swap_in,False,inadmissible_by_quality_only_swap_in_policy,superconductivity,363705,2,2,8,S1F8,7,1442,930,10000,10000,1492,980,1492,980,1442,930,0.1,0.1,early_stopping,early_stopping,catboost,lightgbm,boosting,boosting,False,False,3,3,1,9.068430041894317,17.876794999931008
concurrent,quality_only_swap_in,False,inadmissible_by_quality_only_swap_in_policy,wine_quality,363708,0,0,0,S1F1,0,665,665,10000,10000,715,715,715,715,665,665,0.1,0.1,early_stopping,early_stopping,catboost,catboost,boosting,boosting,False,False,3,3,0,3.81850229203701,7.667371666058898
concurrent,quality_only_swap_in,False,inadmissible_by_quality_only_swap_in_policy,wine_quality,363708,0,0,0,S1F2,1,364,342,10000,10000,414,392,414,392,364,342,0.1,0.1,early_stopping,early_stopping,catboost,lightgbm,boosting,boosting,False,False,3,3,1,2.0674189580604434,9.948874125024304
concurrent,quality_only_swap_in,False,inadmissible_by_quality_only_swap_in_policy,wine_quality,363708,0,0,0,S1F3,2,472,231,10000,10000,522,281,522,281,472,231,0.1,0.1,early_stopping,early_stopping,catboost,lightgbm,boosting,boosting,False,False,3,3,1,2.6033212922047824,6.33707887516357
concurrent,quality_only_swap_in,False,inadmissible_by_quality_only_swap_in_policy,wine_quality,363708,0,0,0,S1F4,3,597,597,10000,10000,647,647,647,647,597,597,0.1,0.1,early_stopping,early_stopping,catboost,catboost,boosting,boosting,False,False,3,3,0,3.1941852499730885,5.793259458849207
concurrent,quality_only_swap_in,False,inadmissible_by_quality_only_swap_in_policy,wine_quality,363708,0,0,0,S1F5,4,151,131,10000,10000,201,181,201,181,151,131,0.1,0.1,early_stopping,early_stopping,catboost,hybrid,boosting,boosting,False,False,3,3,2,1.0067179999314249,2.8456052921246737
concurrent,quality_only_swap_in,False,inadmissible_by_quality_only_swap_in_policy,wine_quality,363708,0,0,0,S1F6,5,434,234,10000,10000,484,284,484,284,434,234,0.1,0.1,early_stopping,early_stopping,catboost,hybrid,boosting,boosting,False,False,3,3,2,2.4793759579770267,4.629958084085956
concurrent,quality_only_swap_in,False,inadmissible_by_quality_only_swap_in_policy,wine_quality,363708,0,0,0,S1F7,6,724,445,10000,10000,774,495,774,495,724,445,0.1,0.1,early_stopping,early_stopping,catboost,hybrid,boosting,boosting,False,False,3,3,2,3.775867500109598,7.4614521660842
concurrent,quality_only_swap_in,False,inadmissible_by_quality_only_swap_in_policy,wine_quality,363708,0,0,0,S1F8,7,868,868,10000,10000,918,918,918,918,868,868,0.1,0.1,early_stopping,early_stopping,catboost,catboost,boosting,boosting,False,False,3,3,0,4.33721641683951,7.354731166968122
concurrent,quality_only_swap_in,False,inadmissible_by_quality_only_swap_in_policy,wine_quality,363708,1,1,4,S1F1,0,316,266,10000,10000,366,316,366,316,316,266,0.1,0.1,early_stopping,early_stopping,catboost,hybrid,boosting,boosting,False,False,3,3,2,1.8890177090652287,6.148324583191425
concurrent,quality_only_swap_in,False,inadmissible_by_quality_only_swap_in_policy,wine_quality,363708,1,1,4,S1F2,1,783,783,10000,10000,833,833,833,833,783,783,0.1,0.1,early_stopping,early_stopping,catboost,catboost,boosting,boosting,False,False,3,3,0,4.209923541871831,12.581160665955395
concurrent,quality_only_swap_in,False,inadmissible_by_quality_only_swap_in_policy,wine_quality,363708,1,1,4,S1F3,2,179,422,10000,10000,229,472,229,472,179,422,0.1,0.1,early_stopping,early_stopping,catboost,lightgbm,boosting,boosting,False,False,3,3,1,1.2145324170123786,8.972419917117804
concurrent,quality_only_swap_in,False,inadmissible_by_quality_only_swap_in_policy,wine_quality,363708,1,1,4,S1F4,3,1145,624,10000,10000,1195,674,1195,674,1145,624,0.1,0.1,early_stopping,early_stopping,catboost,lightgbm,boosting,boosting,False,False,3,3,1,6.375759792048484,9.815021250164136
concurrent,quality_only_swap_in,False,inadmissible_by_quality_only_swap_in_policy,wine_quality,363708,1,1,4,S1F5,4,294,249,10000,10000,344,299,344,299,294,249,0.1,0.1,early_stopping,early_stopping,catboost,hybrid,boosting,boosting,False,False,3,3,2,1.7280267500318587,4.026858708122745
concurrent,quality_only_swap_in,False,inadmissible_by_quality_only_swap_in_policy,wine_quality,363708,1,1,4,S1F6,5,321,482,10000,10000,371,532,371,532,321,482,0.1,0.1,early_stopping,early_stopping,catboost,lightgbm,boosting,boosting,False,False,3,3,1,1.7594499581027776,7.132289875065908
concurrent,quality_only_swap_in,False,inadmissible_by_quality_only_swap_in_policy,wine_quality,363708,1,1,4,S1F7,6,490,490,10000,10000,540,540,540,540,490,490,0.1,0.1,early_stopping,early_stopping,catboost,catboost,boosting,boosting,False,False,3,3,0,2.7988230839837343,6.125052165938541
concurrent,quality_only_swap_in,False,inadmissible_by_quality_only_swap_in_policy,wine_quality,363708,1,1,4,S1F8,7,238,125,10000,10000,288,175,288,175,238,125,0.1,0.1,early_stopping,early_stopping,catboost,hybrid,boosting,boosting,False,False,3,3,2,1.5801726249046624,2.9230572499800473
concurrent,quality_only_swap_in,False,inadmissible_by_quality_only_swap_in_policy,wine_quality,363708,2,2,8,S1F1,0,916,916,10000,10000,966,966,966,966,916,916,0.1,0.1,early_stopping,early_stopping,catboost,catboost,boosting,boosting,False,False,3,3,0,4.772780041908845,11.751471207942814
concurrent,quality_only_swap_in,False,inadmissible_by_quality_only_swap_in_policy,wine_quality,363708,2,2,8,S1F2,1,691,471,10000,10000,741,521,741,521,691,471,0.1,0.1,early_stopping,early_stopping,catboost,lightgbm,boosting,boosting,False,False,3,3,1,4.035680375061929,11.58137183310464
concurrent,quality_only_swap_in,False,inadmissible_by_quality_only_swap_in_policy,wine_quality,363708,2,2,8,S1F3,2,115,508,10000,10000,165,558,165,558,115,508,0.1,0.1,early_stopping,early_stopping,catboost,hybrid,boosting,boosting,False,False,3,3,2,0.8816476669162512,5.282433208078146
concurrent,quality_only_swap_in,False,inadmissible_by_quality_only_swap_in_policy,wine_quality,363708,2,2,8,S1F4,3,1023,452,10000,10000,1073,502,1073,502,1023,452,0.1,0.1,early_stopping,early_stopping,catboost,hybrid,boosting,boosting,False,False,3,3,2,5.573147499933839,9.578479666030034
concurrent,quality_only_swap_in,False,inadmissible_by_quality_only_swap_in_policy,wine_quality,363708,2,2,8,S1F5,4,539,344,10000,10000,589,394,589,394,539,344,0.1,0.1,early_stopping,early_stopping,catboost,hybrid,boosting,boosting,False,False,3,3,2,2.787192667135969,5.314875750103965
concurrent,quality_only_swap_in,False,inadmissible_by_quality_only_swap_in_policy,wine_quality,363708,2,2,8,S1F6,5,276,225,10000,10000,326,275,326,275,276,225,0.1,0.1,early_stopping,early_stopping,catboost,hybrid,boosting,boosting,False,False,3,3,2,1.6012080002110451,3.75477183284238
concurrent,quality_only_swap_in,False,inadmissible_by_quality_only_swap_in_policy,wine_quality,363708,2,2,8,S1F7,6,667,292,10000,10000,717,342,717,342,667,292,0.1,0.1,early_stopping,early_stopping,catboost,hybrid,boosting,boosting,False,False,3,3,2,3.5482299169525504,6.085179541027173
concurrent,quality_only_swap_in,False,inadmissible_by_quality_only_swap_in_policy,wine_quality,363708,2,2,8,S1F8,7,546,546,10000,10000,596,596,596,596,546,546,0.1,0.1,early_stopping,early_stopping,catboost,catboost,boosting,boosting,False,False,3,3,0,2.9840830829925835,5.401075082831085
